FilerEIN,TaxYear,BusinessNameLine1Txt,AddressLine1Txt,AddressLine2Txt,CityNm,StateAbbreviationCd,ZIPCd,ServicesDesc,CompensationAmt,PersonNm,ProvinceOrStateNm,CountryCd,BusinessNameLine2Txt,ForeignPostalCd
135562401,2018,RGM CAPITAL LLC,9010 Strada Stell Court,Suite 105,Naples,FL,34109,INVESTMENT MANAGEMENT,4462750,,,,,
135562401,2018,WELLINGTON MANAGEMENT CO,280 Congress Street,,Boston,MA,02210,INVESTMENT MANAGEMENT,1658157,,,,,
135562401,2018,PRAESIDIUM INVESTMENT MANAGEMENT CO,747 3rd Avenue,35th Floor,New York,NY,10017,INVESTMENT MANAGEMENT,1361643,,,,,
135562401,2018,BASSWOOD CAPITAL MANAGEMENT,645 Madison Avenue,10th Floor,New York,NY,10022,INVESTMENT MANAGEMENT,1302573,,,,,
135562401,2018,GARDNER RUSSO & GARNDER LLC,223 East Chestnut Street,,Lancaster,PA,17602,INVESTMENT MANAGEMENT,1191525,,,,,
510198509,2018,POLICYLINK,1438 WEBSTER STREET STE 303,,OAKLAND,CA,94612,CONSULTING,1017150,,,,,
510198509,2018,GRASSROOTS SOLUTIONS INC,861 E HENNEPIN AVE STE 350,,MINNEAPOLIS,MN,55414,CONSULTING,800000,,,,,
510198509,2018,PREVENTION INSTITUTE,221 OAK STREET,,OAKLAND,CA,94607,CONSULTING,602557,,,,,
510198509,2018,WORKING NARRATIVES,PO BOX 448,,WILMINGTON,NC,28402,CONSULTING,300000,,,,,
510198509,2018,THE SMARTER LEARNING GROUP,4011 YOKE DRIVE,,HAMPSTEAD,MD,21074,CONSULTING,270645,,,,,
810421425,2018,USDA FOREST SERVICE,1400 INDEPENDENCE AVE SW,,WASHINGTON,DC,20250,HABITAT ENHANCEMENT,1072026,,,,,
810421425,2018,WELLS FARGO,1 MONTGOMERY ST,,SAN FRANCISCO,CA,94104,MERCHANT & BANK SERV,568696,,,,,
810421425,2018,BIG TIME ENTERTAINMENT,1984 NORWAY LAKE RD SW,,PINE RIVER,MN,56474,TELEVISION,328050,,,,,
810421425,2018,WISCONSIN DEPT OF NATURAL RESOURCES,101 S WEBSTER ST,,MADISON,WI,53707,ELK RELOCATION,314109,,,,,
810421425,2018,THE EXPO GROUP,5931 CAMPUS CIRCLE DR W,,IRVING,TX,75063,EXPOSITION SERVICES,294879,,,,,
311640316,2018,CHARLES SCHWAB & CO,211 MAIN STREET,,SAN FRANCISCO,CA,94105,BROKERAGE & ADMIN SERVICES,3062442,,,,,
311640316,2018,BAKER STREET ADVISORS LLC,455 MARKET STREET FL 23,,SAN FRANCISCO,CA,94105,ASSET MANAGEMENT,685244,,,,,
311640316,2018,GRAYSTONE CONSULTING LTD,1555 HIGHPOINT DRIVE,,NEWARK,OH,43055,ASSET MANAGEMENT,565710,,,,,
311640316,2018,WETHERBY ASSET MANAGEMENT,580 CALIFORNIA STREET FL 8,,SAN FRANCISCO,CA,94104,ASSET MANAGEMENT,451253,,,,,
311640316,2018,JORDAN PARK GROUP LLC,100 PINE STREET SUITE 2600,,SAN FRANCISCO,CA,94111,ASSET MANAGEMENT,350501,,,,,
364724966,2018,SKENDER CONSTRUCTION,200 W MADISON SUITE 1300,,CHICAGO,IL,60606,CONSTRUCTION,41430847,,,,,
364724966,2018,POWER CONSTRUCTION COMPANY LLC,225 W Washington Street Suite 1420,,CHICAGO,IL,60606,CONSTRUCTION SERVICES,29503302,,,,,
364724966,2018,TURNER CONSTRUCTION COMPANY,55 E MONROE SUITE 1430,,CHICAGO,IL,60603,CONSTRUCTION,29341450,,,,,
364724966,2018,LO DESTRO CONSTRUCTION COMPANY,211 E Ontario St 500,,CHICAGO,IL,60604,CONSTRUCTION SERVICES,21927688,,,,,
364724966,2018,CB RICHARD ELLIS INC,205 W WACKER DRIVE,,CHICAGO,IL,60606,PROPERTY MANAGEMENT,17403857,,,,,
208295721,2018,,2501 SMALLMAN STREET,,PITTSBURGH,PA,15222,CONSTRUCTION CONTR,45809740,RYCON CONSTRUCTION INC,,,,
208295721,2018,,625 Walnut Street,,MCKEESPORT,PA,15132,Rehab Services,43416352,Centers for Rehab Services,,,,
208295721,2018,,4999 Old Clairton Road,,PITTSBURGH,PA,15236,Contruction Contr,29174231,MBM Contracting Inc,,,,
208295721,2018,,120 DELTA DRIVE,,PITTSBURGH,PA,15238,CONSTRUCTION CONTR,22506654,MASSARO CORPORATION,,,,
208295721,2018,,204 Sigma Drive,,PITTSBURGH,PA,15238,Transplant Services,21174125,Center for Organ Recovery Educati,,,,
370662561,2018,,6810 STATE ROUTE 162,,MARYVILLE,IL,62062,PHYSICIAN SERVICES,1898629,GENERAL LAPAROSCOPIC SURGERY ASSO,,,,
370662561,2018,,6812 STATE ROUTE 162,,MARYVILLE,IL,62062,PHYSICIAN SERVICES,1795992,CENTER FOR ADVANCED ORTHO,,,,
370662561,2018,,4955 S STATE RTE 159,,GLEN CARBON,IL,62062,PHYSICIAN SERVICES,1468916,MID AMERICA PLASTIC SURGERY,,,,
370662561,2018,,20-B PROFESSIONAL DRIVE,,MARYVILLE,IL,62062,PHYSICIAN SERVICES,1230834,FAMILY CARE SPECIALISTS,,,,
370662561,2018,,PO BOX 677979,,DALLAS,TX,75267,PHYSICIAN SERVICES,1417500,ILLINOIS HOSPITALISTS LLP,,,,
264436716,2018,KVC Behavioral Healthcare,1413 S Washington St Suite 300,,Papillion,NE,68046,Service Provider,3923172,,,,,
264436716,2018,Father Flanagan's Boys' Home,14100 Crawford Street,,Boys Town,NE,68010,Service Provider,3808844,,,,,
264436716,2018,Omni Behavioral Health,5115 F Street,,Omaha,NE,68105,Service Provider,3005133,,,,,
264436716,2018,Apex Foster Care Inc,9802 Nicholas Street 205,,Omaha,NE,68134,Service Provider,2747144,,,,,
264436716,2018,Beneficial Behavioral Health Services,13435 A Street,,Omaha,NE,68144,Service Provider,2094676,,,,,
941196203,2018,,11000 OPTUM CIRCLE,,EDEN PRAIRIE,MN,55344,Revenue Cycle SVCS,406531093,OPTUM360 LLC,,,,
941196203,2018,,5451 LAKEVIEW PKWY S DR,,INDIANAPOLIS,IN,46268,Maintenance Services,93888486,TRIMEDX LLC,,,,
941196203,2018,,2702 ROCKCREEK PKWY,,KANSAS CITY,MO,64117,Technology services,83046427,CERNER CORP,,,,
941196203,2018,,1010 N 102ND ST,,OMAHA,NE,68114,Staffing services,78796177,MEDICAL SOLUTIONS LLC,,,,
941196203,2018,,27777 FRANKLIN RD,,SOUTHFIELD,MI,48034,Staffing services,62689109,GUIDANT GLOBAL INC,,,,
530115655,2018,RWT PRODUCTION LLC,8932 HUNT LANE,,ANNADALE,VA,22003,PRINTING AND POSTAGE,1485425,,,,,
530115655,2018,AVALON CONSULTING GROUP,805 15TH ST NW,,WASHINGTON,DC,20005,FUNDRAISING AND CONSULTING,434596,,,,,
530115655,2018,HILTON CHICAGO,720 S MICHIGAN AVE,,CHICAGO,IL,60605,HOTEL VENUE,332487,,,,,
530115655,2018,BEACONFIRE CONSULTING,2300 CLAREDON BLVD SUITE 925,,ARLINGTON,VA,22201,WEB DESIGN,266574,,,,,
530115655,2018,ROUNDCORNER,2075 ALLSTON WAY SUITE 202,,BERKLEY,CA,68103,IT CONSULTING,221701,,,,,
951637466,2018,CAMBRIDGE ASSOCIATES,100 SUMMER STREET,,BOSTON,MA,021102112,INVESTMENT MANAGEMENT,996285,,,,,
951637466,2018,NORTHERN TRUST,355 SOUTH GRAND AVENUE SUITE 2600,,LOS ANGELES,CA,90071,INVESTMENT MANAGEMENT,217878,,,,,
951637466,2018,WELLINGTON TRUST COMPANY,280 CONGRESS STREET,,BOSTON,MA,02210,INVESTMENT MANAGEMENT,105747,,,,,
941461312,2018,ELEVATED RESOURCES INC,3990 WESTERLY PL STE 270,,NEWPORT BEACH,CA,92660,CONSULTING SERVICES,17463732,,,,,
941461312,2018,CATALYST360 LLC,11000 OPTUM CIRCLE,,EDEN PRAIRIE,MN,55344,CONSULTING SERVICES,8787122,,,,,
941461312,2018,HCL AMERICA INC,330 POTRERO AVE,,SUNNYVALE,CA,94085,CONSULTING SERVICES,4161774,,,,,
941461312,2018,PROUDFOOT,1355 PEACHTREE ST NE STE 800,,ATLANTA,GA,30309,CONSULTING SERVICES,3745119,,,,,
941461312,2018,LINDSAY STONE & BRIGGS INC,1 S PINCKNEY STE 500,,MADISON,WI,53703,CONSULTING SERVICES,3723888,,,,,
870409820,2018,ST LUKES REGIONAL MEDICAL CENTER,125 E IDAHO ST 300,,BOISE,ID,83712,MEDICAL SERVICES,155333858,,,,,
870409820,2018,UNIVERSITY OF UTAH HOSPITALS,201 S PRESIDENTS CIRCLE STE 145,,SLC,UT,84112,MEDICAL SERVICES,69607405,,,,,
870409820,2018,REVERE HEALTHCARE,PO BOX 30079,,SALT LAKE CITY,UT,84130,MEDICAL SERVICES,41765146,,,,,
870409820,2018,MOUNTAIN WEST ANESTHESIA LLC,PO BOX 3570,,SALT LAKE CITY,UT,84110,MEDICAL SERVICES,37972551,,,,,
870409820,2018,ST LUKES JEROME,PO BOX 587,,TWIN FALLS,ID,83303,MEDICAL SERVICES,37608083,,,,,
453358926,2017,ACCENTURE LLP,PO BOX 40629,,CHICAGO,IL,60673,CONSULTING & IMPLEMENTATION,68508063,,,,,
453358926,2017,NTT DATA SERVICES LLC,100 CITY SQ,,BOSTON,MA,021293721,TECHNOLOGY-ENABLED SERVICES,53176446,,,,,
453358926,2017,JE DUNN CONSTRUCTION CO,1001 LOCUST STREET,,KANSAS CITY,MO,64106,CONSTRUCTION SERVICES,48890645,,,,,
453358926,2017,MID AMERICA CLIN LABS,PO BOX 642263,,PITTSBURGH,PA,15264,LAB SERVICES,48306795,,,,,
453358926,2017,ANDREWS SPORTS MEDICINE AND ORTHO CLINIC,805 SAINT VINCENTS DR,STE 100,BIRMINGHAM,AL,35205,SPORTS MEDICINE,33584021,,,,,
431341372,2017,THOMPSON COBURN,ONE US BANK PLAZA,,ST LOUIS,MO,63101,LEGAL,219724,,,,,
521344831,2017,VIRTACORE SYSTEMS INC,20110 ASHBROOK PL 250,,ASHBURN,VA,20147,IT DATA CENTER BUSINESS CONTINUITY,277770,,,,,
521344831,2017,RSM US LLP,5155 PAYSPHERE CIRCLE,,CHICAGO,IL,60674,AUDIT & TAX SERVICES,126500,,,,,
351044585,2017,INFOCISION MANAGEMENT CORPORATION,325 SPRINGSIDE DRIVE,,AKRON,OH,443334501,CALL CENTER,7417594,,,,,
351044585,2017,INNERWORKINGS INC,600 W CHICAGO AVENUE,,CHICAGO,IL,60654,PRINT MATERIALS PRODUCTION,5498815,,,,,
351044585,2017,VACO MEMPHIS LLC,5410 MARYLAND WAY 460,,BRENTWOOD,TN,37027,IT CONTRACT LABOR,4090059,,,,,
351044585,2017,EAGLECOM INC,2300 YONGE STREET SUITE 1700,,TORONTO,,,MEDIA PURCHASING,3124517,,ONTARIO,CA,,
351044585,2017,TEKSYSTEMS,PO BOX 198568,,ATLANTA,GA,303848568,IT CONTRACT LABOR,2307882,,,,,
593652538,2017,RAYMOND JAMES & ASSOCIATES INC,880 CARILLON PARKWAY,,ST PETERSBURG,FL,33716,INVESTMENT MANAGEMENT SERVICES,416969,,,,,
880361875,2017,PRODUCTION RESOURCE GROUP,6050 S VALLEY VIEW BLVD,,LAS VEGAS,NV,89118,THEATER OPERATIONS,2140211,,,,,
880361875,2017,PHANTOM TOURING LLC,7135 MINSTREL WAY SUITE 105,,COLUMBIA,MD,21045,ARTIST FEES,1825363,,,,,
880361875,2017,NEVADA BALLET THEATRE,1651 INNER CIRCLE,,LAS VEGAS,NV,89134,ARTIST FEES,1402584,,,,,
880361875,2017,MATILIDA ACROBAT TOUR LIMITED PARTNERSHI,311 W 43RD STREET STE 602,,NEW YORK,NY,10036,ARTIST FEES,962628,,,,,
880361875,2017,PARIS ACROSS AMERICA LLC,818 W DIAMOND AVENUE STE 250,,GAITHERSBURG,MD,20878,ARTIST FEES,947602,,,,,
364724966,2017,TURNER CONSTRUCTION COMPANY,55 E MONROE SUITE 1430,,CHICAGO,IL,60603,CONSTRUCTION,73806458,,,,,
364724966,2017,SKENDER CONSTRUCTION,200 W MADISON SUITE 1300,,CHICAGO,IL,60606,CONSTRUCTION,44618843,,,,,
364724966,2017,DELOITTE CONSULTING LLP,111 S WACKER DRIVE,,CHICAGO,IL,60606,CONSULTING SERVICES,18654203,,,,,
364724966,2017,LO DESTRO CONSTRUCTION COMPANY,211 E Ontario St 500,,CHICAGO,IL,60604,CONSTRUCTION SERVICES,18139947,,,,,
364724966,2017,MEDICAL STAFFING NETWORK,PO Box 840292,,Dallas,TX,752840292,TEMPORARY STAFFING,16714009,,,,,
361408475,2017,,1125 W LOYOLA AVE SUITE 110,,CHICAGO,IL,60626,FOOD SERVICES,21197060,ARAMARK CORPORATION,,,,
361408475,2017,,5831 DEMPSTER ST,,MORTON GROVE,IL,60053,CONSTRUCTION,13827890,B STROMBERG CONSTRUCTION CO,,,,
361408475,2017,,7301 N CICERO AVE,,LINCOLNWOOD,IL,60712,HOUSEKEEPING,6857408,THE MILLARD GROUP,,,,
361408475,2017,,1755 W ARMITAGE AVE,,CHICAGO,IL,60622,MASONRY AND ROOFING,4206394,BULLEY ANDREWS MASONRY RESTORATIO,,,,
361408475,2017,,9801 WASHINGTON BLVD,,GAITHERSBURG,MD,20878,HOUSEKEEPING,1724187,SODEXO INC AFFILIATES,,,,
480561974,2017,CASCADE HEALTH SERVICES,1045 SWIFT AVENUE,,KANSAS CITY,MO,64116,AGENCY STAFF,257484,,,,,
480561974,2017,LATHROP & GAGE,2345 GRAND BLVD,,KANSAS CITY,MO,64108,LEGAL SERVICES,144018,,,,,
480561974,2017,THOMAS FAMILY PRACTICE,174 DEER RUN,,ATCHISON,KS,66002,PHYSICIAN SERVICES,129147,,,,,
480561974,2017,WERRING LAW OFFICES,414 N 5TH STREET,,ATCHISON,KS,66002,LEGAL SERVICES,118253,,,,,
480561974,2017,NIGHTINGALE NURSES LLC,6401 CONGRESS AVE SUITE 250,,BOCA RATON,FL,33487,AGENCY STAFF,103966,,,,,
363152959,2017,Per Regulation 16033-2(D)(5) This information is found on the group return,541 N Fairbanks,Rm 1630,Chicago,IL,60611,,,,,,(Group #5878),
860974183,2017,BALLARD SPAHR LLP,1 EAST WASHINGTON STREET SUITE 2300,,PHOENIX,AZ,850042555,LEGAL SERVICES,416997,,,,,
860974183,2017,CROSSROADS STRATEGIES,800 NORTH CAPITOL STREET NORTHWEST,,WASHINGTON,DC,25002,CONSULTING SERVICES,199000,,,,,
860974183,2017,REPEQUITY,1211 CONNECTICUT AVENUE NORTHWEST,,WASHINGTON,DC,200362710,MARKETING SERVICES,165504,,,,,
860974183,2017,TGA ENTERPRISES LLC,12153 MINNESOTA AVE,,PUNTA GORDA,FL,33955,ENTERTAINMENT PRODUCER,150000,,,,,
860974183,2017,HERALD GROUP,1800 M STREET NW SUITE 450 SOUTH,,WASHINGTON,DC,200362710,PUBLIC RELATIONS SERVICES,140066,,,,,
530217164,2017,,164 ROLLINS AVE FL 2,,ROCKVILLE,MD,20852,EVENT PRODUCTION,7556511,VIVA CREATIVE LLC,,,,
530217164,2017,,65 ANDERSON AVENUE,,MOONACHIE,NJ,07074,CATERING,7216709,FOREMOST CATERERS INC,,,,
530217164,2017,,1 HARGROVE DRIVE,,LANHAM,MD,20706,EVENT PLANNING,3255171,HARGROVE INC,,,,
530217164,2017,,200 kendall street NE,,WASHINGTON,DC,20002,security services,1151539,city security consultants inc,,,,
530217164,2017,,100 Galleria Parkway Suite 1320,,ATLANTA,GA,30339,Event Planning,998332,Meeting Advice,,,,
208424918,2017,Search for Common Ground,1601 Connecticut Ave NW Ste 200,,Washington,DC,20009,Conflict Resolution,1490103,,,,,
208424918,2017,International Institute of Tropical Agri,PMB 5320,,Ibadan,,,Agricultural,476166,,Oyo State,NI,,
452798687,2017,,61 Jefferson Avenue,,Columbus,OH,43215,Consultant,6815232,McGann Media,,,,
452798687,2017,,737 Bolivar Road Suite 2000,,Cleveland,OH,44115,Consultant,2448691,Team NEO,,,,
452798687,2017,,150 S Front Street 200,,Columbus,OH,43215,Consultant,1699447,Columbus 2020,,,,
452798687,2017,,3 East 4th Street Suite 301,,Cincinnati,OH,45202,Consultant,1903641,REDI Cincinnati,,,,
452798687,2017,,35 Public Square,,Nelsonville,OH,45764,Consultant,1636874,Appalachian Partnership for Econ Gr,,,,
361707667,2017,IACONO PRODUCTION SERVICES INC,11420 DEERFIELD RD,,CINCINNATI,OH,45242,CONVENTION STAGE PRODUCTION,2311647,,,,,
361707667,2017,SEAT PLANNERS INCORPORATED,311 FOURTH AVE SUITE 509,,SAN DIEGO,CA,92101,CONVENTION TRANSPORTATION,1472191,,,,,
361707667,2017,FREEMAN EXPOSITIONS INC DBA FREEMAN,PO BOX 650036,,DALLAS,TX,75265,EVENT MGMT SUPPORT,1120979,,,,,
361707667,2017,GRANT THORNTON LLP,33562 TREASURY CENTER,,CHICAGO,IL,606943500,PROFESSIONAL SERVICES,1014424,,,,,
361707667,2017,PRODUCTION RESOURCE GROUP,200 HASTINGS DRIVE,,BUFFALO GROVE,IL,60089,PRODUCTION SERVICES,662751,,,,,
461457252,2017,ARDA,1201 15TH STREET NW STE 400,,WASHINGTON,DC,20005,MANAGEMENT SERVICES,1200000,,,,,
461457252,2017,BAKER & HOSTETLER,1050 CONNECTICUT AVE NW STE 1100,,WASHINGTON,DC,20036,LEGAL SERVICES,246928,,,,,
461457252,2017,DUDLEY TOPPER & FEUERZEIG,1000 FREDERIKSBERG,,ST THOMAS,,,LEGAL SERVICES,126776,,,VQ,,00802
480876205,2017,RELIAS LEARNING,DEPT CH 16894,,PALATINE,IL,60055,ONLINE TRAINING SERVICE,316900,,,,,
590624458,2016,Arellano Construction Co,7255 NW 19 St Suite B,,Miami,FL,33126,Construction Services,44150911,,,,,
590624458,2016,GCA Education Services Inc,4702 Western Ave Suite 101,,Knoxville,TN,37921,Maintenance & Repair Services,19860186,,,,,
590624458,2016,Florida Lemark Corp,2040 NW 94TH Avenue,,Doral,FL,33172,Construction Services,7698337,,,,,
590624458,2016,OneBlood Inc,1700 North State Rd 7,,Lauderhill,FL,33313,Testing/Lab Services,6448086,,,,,
590624458,2016,BDC Advisors LLC,1221 Brickell Ave Ste 1470,,Miami,FL,33131,Consulting Services,6369346,,,,,
510169168,2016,ITC Global Networking Solutions,850 Cranberry Woods 2240,,Cranberry,PA,16066,Programme Management,799711,,,,,
510169168,2016,Pricewaterhouse,Coopers LLP 1 Hays Lane,,London SE RD,,,Programme Management,614629,,,UK,,
510169168,2016,Tech Mahindra Ltd,Infocity Unit 12 Survey 64,,Madhapur,,,Programme Management,347275,,,IN,,
510169168,2016,The Task Force,for Global Health,,Ciudad de Guatemala,,,Programme Management,332985,,,GT,,
510169168,2016,Alher Abdelbh,BP 131,,Tillaberi,,,Programme Monitoring,133126,,,NG,,
941730465,2016,Mal Warwick Associates,2650 9th St Ste 103,,Berkeley,CA,94710,Direct mail consulting,2096805,,,,,
941730465,2016,Image X Inc,6150 Stoneridge Mall Rd Ste 200,,Pleasanton,CA,94588,Reproduction & printing,489108,,,,,
941730465,2016,Blackbaud Inc,2 Canal Park Suite 4300,,Cambridge,MA,02141,Contracted Services,328095,,,,,
941730465,2016,Care2com Inc,275 Shoreline Drive 300,,Redwood City,CA,94065,Advocacy Lists and Public Information,326000,,,,,
941730465,2016,Changeorg Inc,PO Box 200153,,Pittsburgh,PA,15251,Advocacy Lists and Public Information,204000,,,,,
941340523,2016,,393 E WALNUT ST,,PASADENA,CA,91188,MEDICAL SERVICES,17185580587,KAISER FOUNDATION HOSPITALS,,,,
941340523,2016,,1800 HARRISON ST,,OAKLAND,CA,94612,MEDICAL SERVICES,10524292959,THE PERMANENTE MEDICAL GROUP,,,,
941340523,2016,,100 S LOS ROBLES,,PASADENA,CA,91101,MEDICAL SERVICES,8832073115,SOUTHERN CA PERMANENTE MEDICAL GROU,,,,
941340523,2016,,501 Alakawa St,,HONOLULU,HI,96817,MEDICAL SERVICES,274070702,HAWAII PERMANENTE MEDICAL GROUP,,,,
941340523,2016,,4275 CAMPUS POINT CT,,SAN DIEGO,CA,92121,MEDICAL SERVICES,116131970,SCRIPPS HEALTH,,,,
370813229,2016,University Of Illinois College of Medicine,PO Box 4196,,Springfield,IL,627084196,Teaching Physicians,29382715,,,,,
370813229,2016,PointCore Network Services LLC,222 3rd Ave Suite 600,,Cedar Rapids,IA,52401,IT Services,4532621,,,,,
370813229,2016,Hinshaw and Culbertson LLP,8142 Solutions Center Dr,,Chicago,IL,606778001,Legal Services,4410591,,,,,
370813229,2016,Cord Construction Co,1322 E State Street,,Rockford,IL,61104,Construction Services,3995980,,,,,
370813229,2016,Associated Anesthesiologists SC,8600 N State Route 91,Suite 250,Peoria,IL,616159452,Anesthesiologists Services,2164715,,,,,
208295721,2019,,625 WALNUT STREET,,MCKEESPORT,PA,15132,Rehab Services,45034709,CENTER FOR REHAB SERVICES,,,,
208295721,2019,,1720 METROPOLITAN STREET,,PITTSBURGH,PA,15233,CONSTRUCTION CONTRAC,41395181,MASCARO CONSTRUCTION COMPANY,,,,
208295721,2019,,601 TECHNOLOGY DRIVE,,CANONSBURG,PA,15317,CONSTRUCTION CONTRAC,32224234,MASCARO BARTON MALOW A JOINT VENTUR,,,,
208295721,2019,,200 CEDAR RIDGE DRIVE SUITE 209,,PITTSBURGH,PA,15205,CONSTRUCTION CONTRAC,25021747,AIMS GROUP INC,,,,
208295721,2019,,925 LIBERTY AVENUE 3RD FLOOR,,PITTSBURGH,PA,15222,CONSTRUCTION CONTRAC,20795518,TURNER CONSTRUCTION CO,,,,
042774441,2019,Suffolk Construction,65 Allerton Street,,Boston,MA,02119,Construction Services,183452744,,,,,
042774441,2019,The Brigham and Women's Hospital,75 Francis Street,,Boston,MA,02115,Healthcare/Research Services,13079244,,,,,
042774441,2019,VPNE Parking Solutions,343 Congress Street,,Boston,MA,02210,Parking Serives,10141482,,,,,
042774441,2019,Turner Construction Company,Two Seaport Lane Suite 200,,Boston,MA,02210,Construction Services,9812071,,,,,
042774441,2019,PricewaterhouseCoopers LLP,PO Box 7247-8001,,Philadelphia,PA,19170,Consulting Services,9294427,,,,,
363245072,2019,UBS REALTY INVESTORS LLC,10 STATE HOUSE SQUARE 15TH FLOOR,,HARTFORD,CT,061033604,INVESTMENT ADVISORY,488901,,,,,
363245072,2019,NEPC LLC,255 STATE STREET,,BOSTON,MA,02109,INVESTMENT CONSULTANT,290067,,,,,
363245072,2019,CAPE ANN ASSET MANAGEMENT LIMITED,1 DUKES MEWS,,LONDON,,,INVESTMENT ADVISORY,267380,,,UK,,W1U 3ET
363245072,2019,SCULPTOR CAPITAL LP,C/O STATE STREET PO BOX 896 1 NEX,,HELICONIA COURTYARD CAMANA BAY,,,INVESTMENT ADVISORY,251460,,,CJ,,
363245072,2019,BANK OF NEW YORK MELLON,240 GREENWICH ST,,NEW YORK,NY,10286,FINANCIAL SERVICES,188968,,,,,
231907729,2019,,41 FLATBUSH AVE,,BROOKLYN,NY,11217,WEB DEVELOPMENT,1903583,BLUE STATE DIGITAL,,,,
231907729,2019,,485 US-1,,ISELIN,NJ,08830,IT CONSULTANTS,1663170,KAVYOS CONSULTING INC,,,,
231907729,2019,,102 MADISON AVE 9TH FL,,NEW YORK,NY,10016,GENERAL CONTRACTOR,2541820,JOHN GALLIN SON INC,,,,
231907729,2019,,RUE DE LINDUSTRIE 15 L-8069,,BERTRANGE,,,IT CONSULTANTS,1336808,INNOVATION CLOUD LLC,0,LU,,
231907729,2019,,5523 RESEARCH PARK DR STE 210,,BALTIMORE,MD,21228,PROF. CONSULTANTS,482886,MED-IQ LLC,,,,
110303001,2019,,245 SUMMER STREET,,BOSTON,MA,02205,ADMIN & INV MGMT SVC,81515973,FMR LLC,,,,
110303001,2019,,2185 N CALIFORNIA BLVD,,LOS ANGELES,CA,94576,INVEST. MANAGEMENT,4655793,UBS FINANCIAL SERVICES,,,,
110303001,2019,,350 SOUTH GRAND AVENUE SUITE 2400,,LOS ANGELES,CA,90071,LEGAL SERVICES,4136431,WILMERHALE,,,,
110303001,2019,,394 PACIFIC AVENUE,,SAN FRANCISCO,CA,94111,INVEST. MANAGEMENT,3569444,ICONIQ CAPITAL,,,,
110303001,2019,,100 PINE STREET SUITE 2600,,SAN FRANCISCO,CA,94111,INVEST. MANAGEMENT,3053716,JORDAN PARK,,,,
364724966,2019,SKENDER CONSTRUCTION,200 W MADISON SUITE 1300,,CHICAGO,IL,60606,CONSTRUCTION,48435131,,,,,
364724966,2019,NTHRIVE REVENUE SYSTEMS LLC,100 North Point Center,East Suite 200,Alpharetta,GA,30009,REVENUE CYCLE MANAGEMENT COMPANY,26521864,,,,,
364724966,2019,BULLEY & ANDREWS LLC,1453 W 38th St,,CHICAGO,IL,60609,CONSTRUCTION SERVICES,25644317,,,,,
364724966,2019,LO DESTRO CONSTRUCTION COMPANY,211 E Ontario St 500,,CHICAGO,IL,60604,CONSTRUCTION SERVICES,22488697,,,,,
364724966,2019,CB RICHARD ELLIS INC,205 W WACKER DRIVE,,CHICAGO,IL,60606,PROPERTY MANAGEMENT,19302749,,,,,
453358926,2019,ERNST & YOUNG LLP,111 MONUMENT CIRCLE,SUITE 2600,INDIANAPOLIS,IN,46204,AUDITING SERVICES,10011092,,,,,
453358926,2019,CROWE HEALTHCARE RISK CONSULTING LLC,231 S BEMISTON AVENUE,SUITE 300,ST LOUIS,MO,631051914,CONSULTING SERVICES,7006006,,,,,
453358926,2019,ACCENTURE LLP,PO BOX 70629,,CHICAGO,IL,60673,CONSULTING & IMPLEMENTATION,5558781,,,,,
453358926,2019,DELOITTE CONSULTING LLP,250 E 5TH STREET,FL 1600,CINCINNATI,OH,452024263,CONSULTING SERVICES,2412066,,,,,
453358926,2019,PROFESSIONAL RESEARCH CONSULTANTS,11326 P STREET,,OMAHA,NE,681372316,CONSULTING SERVICES,2065928,,,,,
582149128,2019,Fitzroy Health,858 High Street,,MACON,GA,31201,CONTRACT SERVICES-Nursing,14161728,,,,,
582149128,2019,AMERICAN ANESTHESIOLOGY OF GA LLC,P O BOX 535375,,ATLANTA,GA,30353,CONTRACT SERVICES-ANESTHESIA,11209123,,,,,
582149128,2019,ROBINS & MORTIN,400 SHADES CREEK PKWY,,BIRMINGHAM,AL,35209,BUILDING CONTRACTOR,10692682,,,,,
582149128,2019,Quantum HC LLC,777 Hemlock Street,MSC 104,MACON,GA,31201,CONTRACT SVC-HOSPITALISTS,9423705,,,,,
582149128,2019,Radiology Associates,770 Pine St,Suite 290,Macon,GA,31201,CONTRACT SERVICES,2602049,,,,,
900656139,2019,WALSH BROTHERS,210 COMMERCIAL STREET,,BOSTON,MA,02109,CONSTRUCTION SERVICES,97102559,,,,,
900656139,2019,SUFFOLK CONSTRUCTION CO,99 CONIFER HILL DRIVE,,DANVERS,MA,01923,CONSTRUCTION SERVICES,35940210,,,,,
900656139,2019,AMN HEALTHCARE INC,26 CONNELL STREET,,QUINCY,MA,02169,STAFFING SERVICES,32147824,,,,,
900656139,2019,SKANSKA USA BUILDING INC,101 SEAPORT BOULEVARD SUITE 200,,BOSTON,MA,02210,CONSTRUCTION SERVICES,25265136,,,,,
900656139,2019,CB RICHARD ELLIS,65 LANDSDOWNE STREET,,CAMBRIDGE,MA,02139,FACILITIES MANAGEMENT,20648125,,,,,
951684089,2019,,10666 N Torrey Pines Rd,,La Jolla,CA,92037,Physician Services,352776615,Scripps Clinic Medical Group Inc,,,,
951684089,2019,,501 Washington Ave,,San Diego,CA,92103,Physician Services,58712946,Scripps Coastal Medical Group,,,,
951684089,2019,,10010 Campus Point Drive,,San Diego,CA,92121,Physician Services,34994872,Scripps Health Inpatient Providers,,,,
951684089,2019,,10181 Scripps Gateway Court,,San Diego,CA,92131,Pharmaceutical Svcs,28043099,MedImpact Healthcare Systems,,,,
951684089,2019,,440 Stevens Ave Ste 130,,SAN DIEGO,CA,92075,Physician Services,14238860,Emergency Acute Care Medical Group,,,,
452641647,2019,BRIGHTVIEW LANDSCAPE SERVICES,7175 21ST STREET EAST,,SARASOTA,FL,34243,LANDSCAPE MAINTENANCE,262357,,,,,
452641647,2019,FISA,AV DE RHODANIE 54,,LAUSANNE,,,FEES FOR EVENT HELD AT PARK,147458,,LAUSANNE,SZ,,1007
912153073,2019,IBM CORP,500 FIRST AVENUE,,PITTSBURGH,PA,15219,INFORMATION TECHNOLOGY SYSTEMS,23152230,,,,,
912153073,2019,SIEMENS MEDICAL SOLUTIONS INC,PO BOX 121102,,DALLAS,TX,75312,HEALTHCARE IT & ENGINEERING SOLUTIONS,23111289,,,,,
912153073,2019,CARDINAL HEALTH,PO BOX 70539,,CHICAGO,IL,60673,INTEGRATED HEALTHCARE SOLUTIONS,11795634,,,,,
912153073,2019,THE HCI GROUP,PO BOX 734305,,CHICAGO,IL,60673,HEALTHCARE IT CONSULTING & TECH SOLUTION,11790127,,,,,
912153073,2019,TOWNE PARK LLC,PO BOX 79349,,BALTIMORE,MD,21279,PARKING SERVICES,10472068,,,,,
237254290,2019,TRI LEADERSHIP RESOURCES LLC,400 CHINA GULCH ROAD,,JACKSONVILLE,OR,97530,ASSOCIATION MANAGEMENT,195450,,,,,
912117699,2019,,18470 Thompson Court Suite 1B,,TINLEY PARK,IL,60477,FOOD SUPPLY,704310,Eat Enterprises,,,,
912117699,2019,,12301 Cumberland Lane,,FISHERS,IN,46038,FOOD SUPPLY,528624,US Foodservice,,,,
912117699,2019,,122 N OCEAN DRIVE,,PORT LAVACA,TX,77979,Grant Management,358540,DAVIS ASSOCIATION SERVICES INC,,,,
912117699,2019,,219 Cypress Circle,,PHARR,TX,78577,Tutoring Kids,181260,Renryder LLC dba Slyvan Learning,,,,
912117699,2019,,5003 JOHN STOCKBAUER DR STE A,,VICTORIA,TX,77904,TUTORING KIDS,152100,MJM SOUTH TEXAS SLC INC,,,,
530116130,2019,BREWER ATTORNEYS AND COUNSELORS,1717 MAIN ST,SUITE 5900,DALLAS,TX,75201,LEGAL SERVICES,24789326,,,,,
530116130,2019,INFOCISION MANAGEMENT CORP,325 SPRINGSIDE DR,,AKRON,OH,44333,MEMBERSHIP PROCESSING AND CONTROL,21723870,,,,,
530116130,2019,MEMBERSHIP MARKETING PARTNERS LLC,11250 WAPLES MILL TD,SUITE 310,FAIRFAX,VA,22030,FUNDRAISING PRINTING AND MAILING,11560154,,,,,
530116130,2019,VALTIM INC,1095 VENTURE DR,,FOREST,VA,24551,FULFILLMENT CENTER,8957907,,,,,
530116130,2019,ACKERMAN MCQUEEN INC,1601 NW EXPRESSWAY,,OKLAHOMA CITY,OK,73118,PUBLIC RELATIONS AND ADVERTISING,7317206,,,,,
133539048,2019,,1101 Connecticut Ave NW 7th Fl,,WASHINGTON,DC,20036,Consulting,2890711,MR Strategic Services Inc,,,,
133539048,2019,,1133 19th St NW Ste 300,,WASHINGTON,DC,20036,Consulting & Other,2542188,O'Brien Garrett,,,,
133539048,2019,,1155 CONNECTICUT AVE NW STE 601,,WASHINGTON,DC,20036,ADVERTISING,1344997,BLUEPRINT INTERACTIVE,,,,
133539048,2019,,3050 K ST NW STE 100,,WASHINGTON,DC,20007,CONSULTING,676527,GMMB INC,,,,
133539048,2019,,PO BOX 205921,,CHARLESTON,WV,25320,COMMS SOFTWARE,394722,UPLAND SOFTWARE,,,,
951985500,2019,Mediacom Worldwide Inc,498 7th Avenue,,New York,NY,10018,Media Agency,86091767,,,,,
951985500,2019,LSC Communications Inc,191 North Wacker Drive,,Chicago,IL,60606,Digital Print Services,50766443,,,,,
951985500,2019,RR Donnelley,111 South Wacker Drive,,Chicago,IL,60606,Printing Services,39776256,,,,,
951985500,2019,GMMB Inc,3050 K Street NW Ste 100,,Washington,DC,20007,Communication Specialists,27207510,,,,,
951985500,2019,Google Inc,1600 Amphitheatre Parkway,,Mountain View,CA,94043,Technology Company,22458527,,,,,
540844477,2019,WYSSTA SERVICES INC,PO BOX 86,,STEVENS POINT,WI,54481,TPA SERVICES,4919820,,,,,
540844477,2019,BLUE 449 INC,13940 COLLECTIONS CENTER DRIVE,,CHICAGO,IL,60693,ADVERTISING SERVICES,178889,,,,,
540844477,2019,WITTKIEFFER INC,2015 SPRING ROAD SUITE 510,,OAK BROOK,IL,605233903,RECRUITING SERVICES,168702,,,,,
540844477,2019,BLACKROCK INVESTMENT MANAGEMENT LLC,PO BOX 978604,,DALLAS,TX,753978604,INVESTMENT MANAGEMENT,155946,,,,,
540844477,2019,ABM INDUSTRY GROUPS LLC,PO BOX 74008829,,CHICAGO,IL,606748829,JANITORIAL SERVICES,120426,,,,,
571136023,2019,2020 BALLCAMP LLC,26500 AGOURA ROAD,,CALABASAS,CA,91302,PROFESSIONAL SERVICES,500000,,,,,
135562401,2020,PRAESIDIUM INVESTMENT MANAGEMENT CO,747 3rd Avenue,35th Floor,New York,NY,10017,INVESTMENT MANAGEMENT,5722111,,,,,
135562401,2020,BASSWOOD CAPITAL MANAGEMENT,645 Madison Avenue,,New York,NY,10022,INVESTMENT MANAGEMENT,4683376,,,,,
135562401,2020,ELEMENT CAPITAL MANAGEMENT LLC,600 Lexington Avenue,,New York,NY,10022,INVESTMENT MANAGEMENT,4436801,,,,,
135562401,2020,RGM CAPITAL LLC,9010 Strada Stell Court,Suite 105,Naples,FL,34109,INVESTMENT MANAGEMENT,4350314,,,,,
135562401,2020,WELLINGTON MANAGEMENT CO,280 CONGRESS STREET,,Boston,MA,02210,INVESTMENT MANAGEMENT,2324431,,,,,
521344831,2020,REI SYSTEMS INC,14325 WILLARD ROAD STE 200,,CHANTILLY,VA,20151,GRANT MANAGEMENT SYSTEM CONSULTING,1721260,,,,,
521344831,2020,GRANTBOOK INC,720 BATHURST STREET STE 420,,TORONTO,,,GRANT MANAGEMENT SYSTEM CONSULTING,354988,,ONTARIO,CA,,M5S 2R4
521344831,2020,M3COM OF VIRGINIA INC,20110 ASHBROOK PLACE STE 250,,ASHBURN,VA,20147,IT DATA CENTER BUSINESS CONTNIUITY,353086,,,,,
521344831,2020,ARNOLD & PORTER KAYE SCHOLER,601 MASSACHUSETTS AVE NW,,WASHINGTON,DC,20001,LEGAL FEES,280331,,,,,
521344831,2020,HUNTON ANDREWS KURTH LLP,951 E BYRD STREET RIVERFRONT PLAZ,,RICHMOND,VA,23219,LEGAL FEES,143957,,,,,
110303001,2020,,245 SUMMER STREET,,BOSTON,MA,02205,ADMIN & INV MGMT SVC,94105367,FMR LLC,,,,
110303001,2020,,350 SOUTH GRAND AVENUE,,LOS ANGELES,CA,90071,LEGAL SERVICES,7675739,WILMERHALE,,,,
110303001,2020,,1000 HARBOR BOULEVARD,,WEEHAWKEN,NJ,07086,INVEST. MANAGEMENT,5934755,UBS FINANCIAL SERVICES,,,,
110303001,2020,,100 1ST STREET SUITE 360,,SAN FRANCISCO,CA,94105,INVEST. MANAGEMENT,4142348,JORDAN PARK,,,,
110303001,2020,,394 PACIFIC AVENUE,,SAN FRANCISCO,CA,94111,INVEST. MANAGEMENT,3618965,ICONIQ CAPITAL,,,,
364724966,2020,SKENDER CONSTRUCTION,200 W MADISON SUITE 1300,,CHICAGO,IL,60606,CONSTRUCTION,37232551,,,,,
364724966,2020,QUEST DIAGNOSTICS,4126 N Milwaukee Ave,,CHICAGO,IL,60641,LABORATORY SERVICES,24705454,,,,,
364724966,2020,NTHRIVE REVENUE SYSTEMS LLC,100 North Point Center,East Suite 200,Alpharetta,GA,30009,REVENUE CYCLE MANAGEMENT COMPANY,23097795,,,,,
364724966,2020,LO DESTRO CONSTRUCTION COMPANY,211 E Ontario St 500,,CHICAGO,IL,60604,CONSTRUCTION SERVICES,20937576,,,,,
364724966,2020,CB RICHARD ELLIS INC,205 W WACKER DRIVE,,CHICAGO,IL,60606,PROPERTY MANAGEMENT,19924848,,,,,
453358926,2020,ERNST & YOUNG LLP,1201 MAIN STREET,SUITE 2000,DALLAS,TX,75202,AUDITING SERVICES,9355475,,,,,
453358926,2020,CROWE LLP,PO BOX 7,,SOUTH BEND,IN,466240007,COMPLIANCE SERVICES,2895803,,,,,
453358926,2020,CROWE HEALTHCARE RISK CONSULTING LLC,231 S BEMISTON AVENUE,SUITE 300,ST LOUIS,MO,631051914,CONSULTING SERVICES,2176372,,,,,
453358926,2020,DELOITTE AND TOUCHE LLP,4022 SELLS DRIVE,,HERMITAGE,TN,370762903,CONSULTING SERVICES,2045000,,,,,
453358926,2020,ACCENTURE LLP,1255 TREAT BLVD,STE 250,WALNUT CREEK,CA,94597,CONSULTING & IMPLEMENTATION,1420719,,,,,
314379427,2020,CENTERRA GROUP LLC,7121 FARIWAY DR,,PALM BEACH GARDENS,FL,33418,PROFESSIONAL SERVICES,46844154,,,,,
314379427,2020,MERRICK SMSI JOINT VENTURE LLP,600 6TH ST,,LOS ALAMOS,NM,87544,PROFESSIONAL SERVICES,37293165,,,,,
314379427,2020,GE-HITACHI NUCLEAR ENERGY AMERICAS LLC,3901 CASTLE HAYNE RD,,WILMINGTON,NC,28402,TECHNICAL SERVICES,26193831,,,,,
314379427,2020,EW HOWELL CO LLC,245 NEWTOWN RD,,PLAINVIEW,NY,11803,CONSTRUCTION SERVICES,23188923,,,,,
314379427,2020,ESTECH LLC,1200 N MAIN ST,,MERIDIAN,ID,83680,PROFESSIONAL SERVICES,23147180,,,,,
900656139,2020,WALSH BROTHERS,210 COMMERCIAL STREET,,BOSTON,MA,02109,CONSTRUCTION SERVICES,71843683,,,,,
900656139,2020,AMN HEALTHCARE INC,PO BOX 281939,,ATLANTA,GA,303841939,STAFFING SERVICES,68450826,,,,,
900656139,2020,SKANSKA USA BUILDING INC,101 SEAPORT BOULEVARD SUITE 200,,BOSTON,MA,02210,CONSTRUCTION SERVICES,30554515,,,,,
900656139,2020,NBBJ LP,8 STORY STREET,,CAMBRIDGE,MA,021384969,ARCHITECTURAL SERVICES,22808648,,,,,
900656139,2020,CB RICHARD ELLIS,65 LANDSDOWNE STREET,,CAMBRIDGE,MA,021394232,FACILITIES MANAGEMENT,22633640,,,,,
210650678,2020,ELLUCIAN COMPANY LP,62590 COLLECTION CENTER DRIVE,,CHICAGO,LA,60693,INFORMATION TECHNOLOGY,1466544,,,,,
210650678,2020,ONE SIXTY OVER NINETY LLC,510 WALNUT STREET FLOOR 19,,PHILADELPHIA,PA,19106,MARKETING,1102747,,,,,
210650678,2020,PATRICK J MURPHY & ASSOCIATES,300 OLD READING PIKE SUITE 1D,,STOWE,PA,19464,PIPE ORGAN REPAIR,484560,,,,,
210650678,2020,RESOURCE MANAGEMENT GROUP,PO BOX 373,,LUMBERTON,NJ,08048,COVID-19 RELATED SERVICES,414498,,,,,
210650678,2020,FISCHER INTERNATIONAL IDENTITY LLC,9045 STRADA STELL COURT SUITE 201,,NAPLES,FL,34109,HRIS LICENSE,200200,,,,,
421435199,2020,CHANGE HEALTHCARE,3055 LEBANON PIKE STE 1000,,NASHVILLE,TN,37214,MANAGEMENT SERVICES,3375186,,,,,
421435199,2020,CROWE LLP,320 E JEFFERSON BLVD,,SOUTH BEND,IN,46624,CONSULTING SERVICES,1618777,,,,,
421435199,2020,DELOITTE CONSULTING LLP,1700 MARKET ST,,PHILADELPHIA,PA,19103,CONSULTING SERVICES,1376697,,,,,
421435199,2020,KPMG LLP,3 CHESTNUT RIDGE RD,,MONTVALE,NJ,07645,AUDIT SERVICES,1099345,,,,,
421435199,2020,H&R ACCOUNTS INC,5320 22ND AVE,,MOLINE,IL,61265,COLLECTION SERVICES,1068631,,,,,
912153073,2020,THE HCI GROUP,PO BOX 734305,,CHICAGO,IL,60673,HEALTHCARE IT CONSULTING & TECH SOLUTION,27480401,,,,,
912153073,2020,IBM CORP,500 FIRST AVENUE,,PITTSBURGH,PA,15219,INFORMATION TECHNOLOGY SYSTEMS,25766623,,,,,
912153073,2020,SIEMENS MEDICAL SOLUTIONS INC,PO BOX 121102,,DALLAS,TX,75312,HEALTHCARE IT & ENGINEERING SOLUTIONS,18849500,,,,,
912153073,2020,CARDINAL HEALTH,PO BOX 70539,,CHICAGO,IL,60673,INTEGRATED HEALTHCARE SOLUTIONS,13517557,,,,,
912153073,2020,ALLIED UNIVERSAL SECURITY,PO BOX 828854,,PHILADELPHIA,PA,19182,SECURITY SERVICES,12406389,,,,,
340714585,2020,THE HCI GROUP,PO BOX 734305,,CHICAGO,IL,60673,HEALTHCARE IT CONSULTING & TECH SOLUTION,27480401,,,,,
340714585,2020,IBM CORP,500 FIRST AVENUE,,PITTSBURGH,PA,15219,INFORMATION TECHNOLOGY SYSTEMS SERVICES,25446300,,,,,
340714585,2020,SIEMENS MEDICAL SOLUTIONS INC,PO BOX 121102,,DALLAS,TX,75312,HEALTHCARE IT & ENGINEERING SERVICES,18849500,,,,,
340714585,2020,TOWNE PARK LLC,PO BOX 79349,,BALTIMORE,MD,21279,PARKING SERVICES,11499606,,,,,
340714585,2020,CARDINAL HEALTH,PO BOX 70539,,CHICAGO,IL,60673,INTEGRATED HEALTHCARE SOLUTIONS,11194019,,,,,
912117699,2020,,985 3rd Street,,OAKLAND,CA,94607,FOOD SUPPLY,974435,Revolution Foods,,,,
912117699,2020,,12301 Cumberland Lane,,FISHERS,IN,46038,FOOD SUPPLY,435750,US Foodservice,,,,
912117699,2020,,122 N OCEAN DRIVE,,PORT LAVACA,TX,77979,Grant Management,326806,DAVIS ASSOCIATION SERVICES INC,,,,
912117699,2020,,18470 Thompson Court Suite 1B,,TINLEY PARK,IL,60477,Food Supply,281449,Eat Enterprises,,,,
912117699,2020,,219 Cypress Circle,,PHARR,TX,78577,TUTORING KIDS,156744,Renryder LLC dba Sylvan Learning,,,,
980368454,2020,,,,,,,Contractor,177097,Wanji Nganga,,,,
980368454,2020,,,,,,,Contractor,113113,Maurice Othulo,,,,
980368454,2020,,,,,,,Contractor,121303,Daniel Tomlinson,,,,
980368454,2020,,,,,,,Contractor,163352,Tara Collier,,,,
522028955,2020,JOI O CHANEY,4501 CONNECTICUT AVENUE NW 519,,WASHINGTON,DC,20008,CONSULTING SERVICES,255200,,,,,
522028955,2020,WEST END STRATEGY TEAM,2401 PENNSYLVANIA AVE NW SUITE 41,,WASHINGTON,DC,20037,CONSULTING SERVICES,237857,,,,,
522028955,2020,GOODWIN SIMON STRATEGIC RESEARCH INC,1624 FRANKLIN ST SUITE 1001,,OAKLAND,CA,94612,CONSULTING SERVICES,155825,,,,,
522028955,2020,THE RABEN GROUP LLC,1341 G STREET NW FLR 5,,WASHINGTON,DC,20005,CONSULTING SERVICES,144000,,,,,
522028955,2020,NP CONSULTING INC,1100 G STREET NW SUITE 750,,WASHINGTON,DC,20005,CONSULTING SERVICES,135000,,,,,
941153307,2020,MARKETEAM LLC,1200 ABERNATHY RD NE,,ATLANTA,GA,30328,MARKETING,1942376,,,,,
941153307,2020,FACEBOOK INC,15161 COLLECTIONS CENTER DR,,CHICAGO,IL,60693,MARKETING/ADVERTISING,1257659,,,,,
941153307,2020,HUSTLE INC,DEPT LA 24862,,PASADENA,CA,911854862,MOBILE OUTREACH,1125375,,,,,
941153307,2020,PALM COAST DATA LLC,PO BOX 1000 DEPT 996,,MEMPHIS,TN,381480996,DONATION PROCESSING,1032662,,,,,
941153307,2020,SYNAPSE ENERGY ECONOMICS INC,485 MASSACHUSETTS AVE STE 2,,CAMBRIDGE,MA,02139,ECONOMIC TECHNICAL EXPERT,788997,,,,,
951985500,2020,Mediacom Worldwide Inc,498 7th Avenue,,New York,NY,10018,Media Agency,77757051,,,,,
951985500,2020,RR Donnelley,111 South Wacker Drive,,Chicago,IL,60606,Printing Services,49461409,,,,,
951985500,2020,LSC Communications Inc,191 North Wacker Drive,,Chicago,IL,60606,Digital Print Services,49415954,,,,,
951985500,2020,GMMB Inc,3050 K Street NW Ste 100,,Washington,DC,20007,Communication Specialists,27576400,,,,,
951985500,2020,Facebook Inc,1 Hacker Way,,Menlo Park,CA,94025,Technology Company,25722634,,,,,
530116130,2020,BREWER ATTORNEYS AND COUNSELORS,1717 MAIN ST,SUITE 5900,DALLAS,TX,75201,LEGAL SERVICES,31953976,,,,,
530116130,2020,INFOCISION MANAGEMENT CORP,325 SPRINGSIDE DR,,AKRON,OH,44333,MEMBERSHIP PROCESSING AND CONTROL,15858529,,,,,
530116130,2020,MEMBERSHIP MARKETING PARTNERS LLC,11250 WAPLES MILL TD,SUITE 310,FAIRFAX,VA,22030,FUNDRAISING PRINTING AND MAILING,11577847,,,,,
530116130,2020,GOULD PAPER CORPORATION,99 PARK AVE,,NEW YORK,NY,10016,PAPER FOR MAGAZINES,6056184,,,,,
530116130,2020,QUAD GRAPHICS,N63W23075 HWY 74,,SUSSEX,WI,53089,MAGAZINE PRODUCTION AND PRINTING FOR PUBLICATIONS; CATALOG PRODUCTION AND PRINTING FOR THE NRA STORE,5252902,,,,,
264683543,2020,Lets Register to Vote LLC,60646 Teton Ct,,Bend,OR,97702,Canvassing,201840,,,,,
264683543,2020,DC London Inc,2198 E Camelback Rd Ste 325,,Phoenix,AZ,85016,Program consulting,196500,,,,,
264683543,2020,Awareness Analytics Partne,4521 Park Road,,Alexandria,VA,22312,Digital ad campaign,429000,,,,,
941461312,2020,ELEVATED RESOURCES INC,3990 WESTERLY PL STE 270,,NEWPORT BEACH,CA,92660,CONSULTING SERVICES,22750981,,,,,
941461312,2020,CATALYST360 LLC,11000 OPTUM CIRCLE,,EDEN PRAIRIE,MN,55344,CONSULTING SERVICES,8256946,,,,,
941461312,2020,EMC CORPORATION,4246 COLLECTIONS CENTER DR,,CHICAGO,IL,60693,CONSULTING SERVICES,6409671,,,,,
941461312,2020,KP LLC,PO BOX 8311,,PASADENA,CA,91109,MAIL SERVICES,5787893,,,,,
941461312,2020,WEST MONROE PARTNERS LLC,222 WEST ADAMS STREET 11TH FLR,,CHICAGO,IL,60606,CONSULTING SERVICES,3959798,,,,,
208802884,2020,BULLY PULPIT INTERACTIVE LLC,1445 NEW YORK AVENUE NW 5TH FLOOR,,WASHINGTON,DC,20005,ADVERTISING,4872721,,,,,
208802884,2020,GELLER ADVISORS LLC,PO BOX 1510,,NEW YORK,NY,10150,FINANCIAL AND ADVISORY SERVICES,4279340,,,,,
208802884,2020,VENABLE LLP,750 E PRATT STREET SUITE 900,,BALTIMORE,MD,21202,LEGAL SERVICES,2275206,,,,,
208802884,2020,CHONG KOSTER LLC,1640 RHODE ISLAND NW SUITE 600,,WASHINGTON,DC,20036,ADVERTISING,1757196,,,,,
208802884,2020,DELIVER STRATEGIES LLC,PO BOX 100970,,ARLINGTON,VA,22210,PRINTING,1425028,,,,,
231968136,2021,BOSTON COMMON ASSET MANAGEMENT LLC,200 STATE STREET 7TH FLOOR,,BOSTON,MA,02109,INVESTMENT MANAGEMENT,399986,,,,,
231968136,2021,ACCUTECH SYSTEMS CORPORATION,2620 N ACCUTECH WAY,,MUNCIE,IN,47304,BACK OFFICE SUPPORT,381300,,,,,
231968136,2021,BOSTON TRUST & INVESTMENT MANAGEMENT CO,ONE BEACON STREET,,BOSTON,MA,02108,INVESTMENT MANAGEMENT,229640,,,,,
231968136,2021,ARISTOTLE CAPITAL BOSTON,125 SUMMER STREET SUITE 12200,,BOSTON,MA,00211,INVESTMENT MANAGEMENT,204569,,,,,
231968136,2021,PAYDEN & RYGEL,333 S GRAND AVE FLOOR 32,,LOS ANGELES,CA,90071,INVESTMENT MANAGEMENT,192988,,,,,
300108263,2021,KALOTHIA CABLING,1301 MORAN ROAD,,DULLES,VA,20166,OFFICE CABLING,229940,,,,,
300108263,2021,MATTER UNLIMITED,519 BROADWAY 6TH FLOOR,,NEW YORK,NY,10012,DIGITAL PRODUCTION,220000,,,,,
300108263,2021,IGNITE IT LLC,17843 RUNNING COLT PL,,LEESBURG,VA,20175,IT RELATED CONSULTING,166229,,,,,
300108263,2021,PARTNERSHIP EMPLOYMENT,PO BOX 75343,,CHICAGO,IL,60675,TEMP SERVICES,156001,,,,,
300108263,2021,BUILDING FOR MISSION,7726 GUNSTON PLAZA,,LORTON,VA,22079,HR CONSULTING,152000,,,,,
110303001,2021,,245 SUMMER STREET,,BOSTON,MA,02205,ADMIN & INV MGMT SVC,121614046,FMR LLC,,,,
110303001,2021,,1000 HARBOR BOULEVARD,,WEEHAWKEN,NJ,07086,INVEST. MANAGEMENT,7854858,UBS FINANCIAL SERVICES,,,,
110303001,2021,,100 1ST STREET SUITE 360,,SAN FRANCISCO,CA,94105,INVEST. MANAGEMENT,5588597,JORDAN PARK,,,,
110303001,2021,,394 PACIFIC AVENUE,,SAN FRANCISCO,CA,94111,INVEST. MANAGEMENT,4418966,ICONIQ CAPITAL,,,,
110303001,2021,,1585 BROADWAY,,NEW YORK,NY,10036,INVEST. MANAGEMENT,1976757,MORGAN STANLEY WEALTH MANAGEMENT,,,,
611740292,2021,THE CHRISTMAN COMPANY,634 FRONT AVE NW,,GRAND RAPIDS,MI,49504,CONSTRUCTION,41498130,,,,,
611740292,2021,TRANE,3600 PAMMEL CREEK RD,,LA CROSSE,WI,54601,MAINTENANCE,17270014,,,,,
611740292,2021,SIEMENS MEDICAL SOLUTIONS INC,51 VALLEY STREAM PARKWAY,,MALVERN,PA,19355,MEDICAL EQUIPMENT,15282592,,,,,
611740292,2021,INTUITIVE SURGICAL,1020 KIFER RD,,SUNNYVALE,CA,94086,MEDICAL EQUIPMENT,11102260,,,,,
611740292,2021,EMERGENCY CARE SPECIALISTS PC,4100 EMBASSY DR SE 400,,GRAND RAPIDS,MI,49546,MEDICAL SERVICES,8540055,,,,,
412186719,2021,,4500 MAIN ST,,KANSAS CITY,MO,64111,INDIRECT - SEE SCH O,1053417,AMERICAN CENTURY INVESTMENTS,,,,
412186719,2021,,PO BOX 503089,,ST LOUIS,MO,63150,LEGAL SERVICES,547684,BRYAN CAVE LEIGHTON PAISNER LLP,,,,
412186719,2021,,4510 BELLEVIEW STE 110,,KANSAS CITY,MO,64111,COMMUNICATION SRVCS,451211,PARRIS COMMUNICATIONS,,,,
412186719,2021,,PO BOX 75647,,CHICAGO,IL,60675,AUDIT AND TAX SRVCS,264599,PRICEWATERHOUSECOOPERS LLP,,,,
412186719,2021,,610 N 9TH,,SAINT MARYS,KS,66536,MAINT.& REPAIR SRVCS,259850,VICTOR AARMESTO,,,,
912117699,2021,,219 CYPRESS CIRCLE,,PHARR,TX,78577,TUTORING,247200,RENRYDER LLC,,,,
912117699,2021,,122 NORTH OCEAN DRIVE,,PORT LAVACA,TX,77979,GRANT MANAGEMENT,126100,DAVIS ASSOCIATION MANAGEMENT,,,,
912117699,2021,,149 COTTONWOOD DRIVE,,COPPELL,TX,78501,TUTORING,123765,SYLVAN - OHANA DFW LEARN 3,,,,
912117699,2021,,903 W DOVE,,MCALLEN,TX,78501,TUTORING,113850,RGV TUTOR LLC,,,,
912117699,2021,,1 MONARCH PLACE,,SPRINGFIELD,MA,01144,LOBBYIST SERVICES,110000,VENTRY ASSOCIATES LLLP,,,,
980127096,2021,,639 WICKHAM STREET,,FORTITUDE VALLEY,,,Construction service,57444685,HANSEN YUNCKEN PTY LTD,QUEENSLAND,AS,,4006
980127096,2021,,LEVEL 1 12 NEIL STREET,,TOOWOOMBA,,,Construction service,48751558,McNab Developments Qld Pty Ltd,QUEENSLAND,AS,,4350
980127096,2021,,LEVEL 3 AUBIGNY PLACE RAYMOND TERR,,SOUTH BRISBANE,,,Research activities,20679657,Mater Research Ltd,QUEENSLAND,AS,,4101
980127096,2021,,CITY ROAD,,CAMPERDOWN,,,Research activities,13195196,University of Sydney,0,AA,,2006
980127096,2021,,11 ASHTAN PLACE,,CAMPERDOWN,,,Construction service,10498597,Tomkins Commercial Industrial Bui,0,AS,,4041
132803276,2021,AB Data Ltd,600 AB Data Drive,,Milwakee,WI,53217,"Postage, Shipping & Delivery",1114186,,,,,
132803276,2021,AB Data Client Trust,600 AB Data Drive,,Milwakee,WI,53217,"Postage, Shipping & Delivery",392054,,,,,
132803276,2021,Blackbaud,PO Box 930256,,Atlanta,GA,311930256,Contract Services,159654,,,,,
132803276,2021,Build Consulting,1107 Battlewood Street,,Franklin,TN,37069,Information Management,150008,,,,,
132803276,2021,Pinkston Droup Inc,3110 Fairview Park Drive 1400,,Falls Church,VA,22042,Consultant,147500,,,,,
203270502,2021,,4500 MAIN STREET,,KANSAS CITY,MO,64110,INDIRECT - SEE SCH O,250000,AMERICAN CENTURY INVESTMENTS,,,,
461457252,2021,DIGITAL IGNITE,635 RUTLEDGE AVE STE 201,,CHARLESTON,SC,29403,ADVERTISING SERVICES,584175,,,,,
461457252,2021,BAKER & HOSTETLER,1050 CONNECTICUT AVE NW STE 1100,,WASHINGTON,DC,20036,LEGAL SERVICES,193320,,,,,
461457252,2021,BASCOM COMMUNICATIONS LLC,217 S ADAMS ST A,,TALLAHASSEE,FL,32301,PUBLIC RELATIONS,121119,,,,,
611740292,2022,,7000 CARDINAL PLACE,,DUBLIN,OH,43017,PHARMACEUTICALS SVCS,152150340,CARDINAL HEALTH,,,,
611740292,2022,,634 FRONT AVE NW,,GRAND RAPIDS,MI,49504,CONSTRUCTION SVCS,53530830,THE CHRISTMAN COMPANY,,,,
611740292,2022,,PO BOX 123519,,DALLAS,TX,75312,STAFFING SERVICES,29592439,AYA HEALTHCARE INC,,,,
611740292,2022,,2999 OLYMPUS BLVD,,DALLAS,TX,75019,STAFFING SERVICES,25204592,AMN HEALTHCARE INC,,,,
611740292,2022,,550 KIRTLAND STREET SW,,GRAND RAPIDS,MI,49507,CONSTRUCTION SVCS,24055744,PIONEER CONSTRUCTION,,,,
510198509,2022,CIVITAS PUBLIC AFFAIRS GROUP,409 7TH STREET NW STE 350,,WASHINGTON,DC,20004,MANAGE PHILANTHROPY SERVICES,230000,,,,,
510198509,2022,GLOBAL & COLLECTIVE LLC,19 ST FRANCIS PL,,BROOKLYN,NY,11216,MANAGE PHILANTHROPY SERVICES,150000,,,,,
510198509,2022,AHIMSA COLLECTIVE,3308 SCHOOL STREET,,OAKLAND,CA,94602,MANAGE PHILANTHROPY SERVICES,150000,,,,,
510198509,2022,,2312 1/2 MADISON AVE,,BALTIMORE,MD,21217,MANAGE PHILANTHROPY SERVICES,150000,JESSICA SOLOMON,,,,
530183181,2022,RWT Production LLC,8932 Orange Hunt Lane,,Annandale,VA,22003,Printing and Production,6048674,,,,,
530183181,2022,ALTA Resources,120 N Commercial Street,,Neenah,WI,54956,Fulfillment and Call Center Services,1050050,,,,,
530183181,2022,Meta Platforms Inc,15161 Collections Center Drive,,Chicago,IL,60693,Digital Advertising,476753,,,,,
530183181,2022,ROI Solutions Incorporated,1 Alewife Center Suite 220,,Cambridge,MA,02140,Database Services,464890,,,,,
530183181,2022,New Canvassing Experience Inc,177 Shady Oaks Loop,,Cedar Creek,TX,78612,Canvassing,463586,,,,,
810739440,2022,,611 MEREDITH ROAD NE UNIT 700,,CALGARY,,,ADMINISTRATIVE SVCS,33485352,BENEVITY INC,ALBERTA,CA,,T2E 2W5
810739440,2022,,800 SOUTH STREET SUITE 640,,WALTHAM,MA,02453,ADMINISTRATIVE SVCS,4635981,BLUESNAP CORPORATE HQ,,,,
810739440,2022,,2211 NORTH FIRST STREET,,SAN JOSE,CA,95131,ADMINISTRATIVE SVCS,1412027,PAYPAL,,,,
810739440,2022,,ONE FINANCIAL PARKWAY,,KALAMAZOO,MI,49009,ADMINISTRATIVE SVCS,148680,PNC BANK,,,,
135661832,2022,GiveBridge,525 Western Monroe St Ste 900,,Chicago,IL,60661,In-person solicitation,2752982,,,,,
135661832,2022,PMX Agency LLC,One World Trade Center 63rd Floor,,New York,NY,10007,Fundraising Counsel,431597,,,,,
135661832,2022,Whelnet Services Inc,6264 Loisdale Ct 600,,Springfield,VA,22150,IT services,328869,,,,,
135661832,2022,Grounded World,24 Canal Road,,Westport,CT,06880,Fundraising Counsel,317119,,,,,
135661832,2022,PricewaterhouseCoopers LLP,3109 W DR MLK JR BLVD,,Tampa,FL,33607,Audit services,180000,,,,,
650267668,2022,CERNER CORPORATION,PO BOX 959156,,ST LOUIS,MO,631959156,SOFTWARE SUPPORT,25702696,,,,,
650267668,2022,MICROSOFT CORPORATION,1950 N STEMMONS FWY,5010,DALLAS,TX,75207,SOFTWARE SUPPORT,19238219,,,,,
650267668,2022,REPUBLICA HAVAS LLC,2153 CORAL WAY STE 500,,MIAMI,FL,33145,MARKETING SERVICES,13929565,,,,,
650267668,2022,CAPGEMINI AMERICA INC,10100 INNOVATION DRIVE,SUITE 200,DAYTON,FL,45342,SOFTWARE SUPPORT,11480525,,,,,
650267668,2022,PROSYS INFORMATION SYSTEMS INC,PO BOX 822169,,PHILADELPHIA,PA,19182,SOFTWARE SUPPORT,11303080,,,,,
591479658,2022,AYA Healthcare Inc,PO Box 123519 Dept 3519,,Dallas,TX,75312,Healthcare Staffing,102772195,,,,,
591479658,2022,AMN Healthcare Inc,8840 Cypress Waters Blvd Ste 300,,Dallas,TX,75019,Healthcare Staffing,98647901,,,,,
591479658,2022,Maxim Healthcare Services Inc,12558 Collections Center Dr,,Chicago,IL,60693,Healthcare Staffing,62626668,,,,,
591479658,2022,Brasfield & Gorrie LLC,2999 Circle 75 Parkway Ste 100,,Atlanta,GA,30339,Construction Services,57508699,,,,,
591479658,2022,Cross Country Staffing Inc,PO Box 404674,,Atlanta,GA,30384,Healthcare Staffing,27287329,,,,,
042105780,2022,A&R MBE ROOFING CONTRACTORS LLC,1671 WORCESTER RD,,FRAMINGHAM,MA,01701,CONSTRUCTION,401206,,,,,
042105780,2022,HAVEN CONTRACTING CORPORATION,25 DEERFIELD AVE,,WESTWOOD,MA,02090,CONSTRUCTION,398176,,,,,
042105780,2022,MAASS LLC,145 PALISADE STREET 328,,DOBBS FERRY,NY,10522,PROJECT MANAGEMENT,308000,,,,,
042105780,2022,THE CADMUS GROUP LLC,410 TOTTEN POND ROAD,,WALTHAM,MA,02451,SUSTAINABILITY CONSULTING,287151,,,,,
042105780,2022,DLA PIPER LLP,650 SOUTH EXETER STREET SUITE 1100,,BALTIMORE,MD,21202,LEGAL SERVICES,234999,,,,,
863199323,2022,US ELECTION INVEST & LAWSUITS INC,5330 HIGHLAND RD,,WATERFORD,MI,48327,,700000,,,,,
863199323,2022,OGC LAW LLC,1575 MCFARLAND ROAD SUITE 201,,PITTSBURGH,PA,15216,,228634,,,,,
863199323,2022,BLACK MANATEE INVESTMENT LLC,9812 FALLS ROAD SUITE 114-141,,POTOMAC,MD,20854,,191671,,,,,
863199323,2022,,506 WINDINGWAY ROAD,,LYNCHBURG,VA,24502,,168631,MARK LLOYD,,,,
863199323,2022,,9809 WHETSTONE DR,,MONTGOMERY VILLAGE,MD,20886,,150000,BRIAN DELLA ROCCA,,,,
521974904,2022,BULLY PULPIT INTERACTIVE LLC,1445 NEW YORK AVE NW 5TH FL,,WASHINGTON,DC,20005,ADVOCACY SERVICES,11343488,,,,,
521974904,2022,DP STRATEGIES LLC,1203 K STREET NW,,WASHINGTON,DC,20005,ADVOCACY SERVIVES,4313533,,,,,
521974904,2022,SKDKNICKERBOCKER LLC,1150 18TH ST NW STE 800,,WASHINGTON,DC,20036,ADVOCACY SERVICES,2870722,,,,,
521974904,2022,ESPOUSAL STRATEGIES LLC,101 SW MADISON 8274,,PORTLAND,OR,97207,ADVOCACY SERVICES,551500,,,,,
521974904,2022,BUCK DESIGN LLC,2630 LACY STREET,,LOS ANGELES,CA,90031,ADVOCACY SERICES,391259,,,,,
200960855,2022,Masterworks,19462 Powder Hills Pl NE,,Poulsbo,WA,98370,Consulting/Advertising,133517,,,,,
954523231,2022,MAKENA CAPITAL MANAGEMENT,2755 SAND HILL RD SUITE 200,,MENLO PARK,CA,94025,INVESTMENT MANAGEMENT,4059972,,,,,
954523231,2022,L FISHER ASSOCIATES LLC,427 BEACON RIDGE BLVD,,CHAPEL HILL,NC,27516,RECRUITING SERVICES,170536,,,,,
954523231,2022,FORUM ONE COMMUNICATIONS CORP,6140 S GUN CLUB RD K6 153,,AURORA,CO,80016,WEBSITE HOSTING AND MAINTENANCE,112065,,,,,
384016550,2022,ANALYTIC8 LLC,150 N MICHIGAN AVE,STE 1580,CHICAGO,IL,60601,CONSULTING,795100,,,,,
384016550,2022,RSM US LLP,80 CITY SQUARE,,BOSTON,MA,02129,CONSULTING,572264,,,,,
384016550,2022,CAPM LLC,477 MADISON AVE,STE 210,NEW YORK,NY,10022,CONSULTING,302994,,,,,
384016550,2022,ERNST & YOUNG US LLP,PO BOX 640,,PITTSBURG,PA,15264,CONSULTING,124084,,,,,
208295721,2023,,225 NORTH SHORE DRIVE,,PITTSBURGH,PA,15212,CONSTRUCT CONTRACTOR,270993910,WHITING-TURNER PJ DICK JV,,,,
208295721,2023,,601 TECHNOLOGY DRIVE,,CANNONSBURG,PA,15317,CONSTRUCT CONTRACTOR,66873887,MASCARO BARTON MARLOW A JOINT VENTU,,,,
208295721,2023,,6 CONCOURSE PARKWAY SUITE 2250,,ATLANTA,GA,30328,PHYSICIAN SERVICES,56375426,MSP SYNCHRONIZED SOLUTIONS LLC,,,,
208295721,2023,,2501 SMALLMAN STREET SUITE 100,,PITTSBURGH,PA,15222,CONSTRUCT CONTRACTOR,32260407,RYCON CONSTRUCTION INC,,,,
208295721,2023,,3000 MONTOUR CHURCH ROAD,,OAKDALE,PA,15071,INFO TECH SERVICES,31960548,AEC GROUP LLC,,,,
453358926,2023,ERNST & YOUNG LLP,1201 MAIN STREET,SUITE 2000,DALLAS,TX,75202,Audit & Professional Services,19596707,,,,,
453358926,2023,CROWE LLP,PO BOX 71570,,CHICAGO,IL,606941570,Consulting & Tax Services,7054517,,,,,
453358926,2023,DELOITTE AND TOUCHE LLP,4022 SELLS DRIVE,,HERMITAGE,TN,370762903,INTERNAL AUDIT SERVICES,3949939,,,,,
453358926,2023,RQI PARTNERS LLC,7272 GREENVILLE AVENUE,SUITE P2020,DALLAS,TX,75231,Clinical Education & Quality Services,2165792,,,,,
453358926,2023,WINSTON & STRAWN LLP,35 W WACKER DRIVE,,CHICAGO,IL,606011723,LEGAL SERVICES,2074307,,,,,
431634280,2023,CYBERGRANTS LLC,300 BRICKSTONE SQ STE 601,,ANDOVER,MA,018101454,GRANT PROCESSING,5409310,,,,,
431634280,2023,OMAZE INC,5735 W ADAMS BLVD,,LOS ANGELES,CA,900162440,DIGITAL FUNDRAISING FEES,1150172,,,,,
431634280,2023,ADDISON GROUP,7076 SOLUTIONS CTR,,CHICAGO,IL,606777000,TEMP HIRING AGENCY,526317,,,,,
431634280,2023,NAUTICON INFORMATION SYSTEMS,15878 GAITHER DR,,GAITHERSBURG,MD,208771404,REMOTE IT SUPPORT,246843,,,,,
431634280,2023,BDO USA LLP,8401 GREENSBORO DR STE 800,,MCLEAN,VA,221023599,AUDIT FEES,165938,,,,,
110303001,2023,,245 Summer Street,,BOSTON,MA,02205,ADMIN & INV MGMT SVC,136745342,FMR LLC,,,,
110303001,2023,,50 Beale Street Suite 2300,,SAN FRANCISCO,CA,94105,INVEST. MANAGEMENT,7925719,ICONIQ CAPITAL,,,,
110303001,2023,,711 Third Avenue,,NEW YORK,NY,10017,phil. consulting,2880000,McKinsey Company Inc,,,,
110303001,2023,,100 1ST STREET SUITE 360,,SAN FRANCISCO,CA,94105,Invest. Management,2826366,Jordan Park,,,,
110303001,2023,,45 Rockefeller Plaza 5th Floor,,NEW YORK,NY,10111,Invest. Management,1240669,Rockefeller Capital Management,,,,
364724966,2023,VAYA WORKFORCE SOLUTIONS LLC,5930 CORNERSTONE CT W,,SAN DIEGO,CA,921213772,TEMPORARY STAFFING,180910142,,,,,
364724966,2023,POWERUJAMAA 6 LLC,8750 W BRYN MAWR AVE,,CHICAGO,IL,60631,GENERAL CONTRACTOR,76409432,,,,,
364724966,2023,POWERUJAMAA 7 LLC,8750 W BRYN MAWR AVE,,CHICAGO,IL,60631,GENERAL CONTRACTOR,53361996,,,,,
364724966,2023,WALSH CONSTRUCTION COMPANY II LLC,929 W ADAMS ST,,CHICAGO,IL,60607,GENERAL CONTRACTOR,33798887,,,,,
364724966,2023,SKENDER CONSTRUCTION LLC,1330 W FULTON ST,,CHICAGO,IL,606071137,GENERAL CONTRACTOR,29705313,,,,,
314379427,2023,MERRICK SMSI JOINT VENTURE LLP,600 SIXTH STREET,,LOS ALAMOS,NM,87544,CONSTRUCTION,122180152,,,,,
314379427,2023,CENTERRA GROUP LLC,7121 FAIRWAY DR,,PALM BEACH GARDENS,FL,33418,PROFORCE SERVICES,19295756,,,,,
314379427,2023,EW HOWELL CO LLC,245 NEWTOWN RD,,PLAINVIEW,NY,11803,CONSTRUCTION,14021447,,,,,
314379427,2023,INCUSCALE LLC,1425 PLAIN CITY-GEORGESVILLE RD,,WEST JEFFERSON,OH,43162,PROFESSIONAL SERVICES,11857088,,,,,
314379427,2023,YOH SERVICES LLC,1500 SPRING GARDENS ST,,PHILADELPHIA,PA,19130,PROFESSIONAL SERVICES,11676279,,,,,
900656139,2023,HALLMARK HEALTH CARE SOLUTIONS INC,PO BOX 22937,,NEW YORK,NY,100872937,STAFFING SERVICES,197204777,,,,,
900656139,2023,CONSIGLI CONSTRUCTION CO INC,72 SUMNER STREET,,MILFORD,MA,01757,CONSTRUCTION SERVICES,165409765,,,,,
900656139,2023,TURNER WALSH,2 SEAPORT LANE,,BOSTON,MA,02210,CONSTRUCTION SERVICES,120022395,,,,,
900656139,2023,TURNER CONSTRUCTION CO,2 SEAPORT LANE,,BOSTON,MA,02210,CONSTRUCTION SERVICES,93543145,,,,,
900656139,2023,MAXIM HEALTHCARE SERVICES HOLD INC,5930 CORNERSTONE COURT WEST,,SAN DIEGO,CA,92121,STAFFING SERVICES,82582220,,,,,
210650678,2023,COMPASS GROUP USA INC,PO BOX 417632,,BOSTON,MA,022417632,FOOD SERVICES,8562817,,,,,
210650678,2023,ELLUCIAN COMPANY LLC,62590 COLLECTION CENTER DRIVE,,CHICAGO,IL,60693,INFORMATION TECHNOLOGY SERVICES,5762147,,,,,
210650678,2023,CUSHMAN & WAKEFIELD OF NEW JERSEY LLC,PO BOX 854002,,MINNEAPOLIS,MN,55485,CUSTODIAL SERVICES,3527766,,,,,
210650678,2023,PRINCETON PARTNERS LLC,189 WALL ST,,PRINCETON,NJ,08540,ADVERTISING & PUBLIC RELATIONS,3521089,,,,,
210650678,2023,PREMIER ENTERPRISES LLC,1520 RTE 37 W SUITE 4,,TOMS RIVER,NJ,08755,CONSTRUCTION SERVICES,1403860,,,,,
370813229,2023,Medical Solutions LLC,PO Box 850861,,Minneapolis,MN,554850861,Medical Staffing Services,65303147,,,,,
370813229,2023,Assoc Anesthesiologists SC,PO Box 14470,,St Louis,MO,631784470,Anesthesiologists Services,27328865,,,,,
370813229,2023,NORTH AMERICAN PARTNERS IN ANESTHESIA,1305 Walt Whitman Rd,Suite 300,Melville,NY,11747,Anesthesiologists Services,22701070,,,,,
370813229,2023,Mayo Clinic,PO Box 4006,,Rochester,MN,55903,Laboratory Services,7528789,,,,,
370813229,2023,CHANGE HEALTHCARE SOLUTIONS LLC,3055 LEBANON PIKE STE 1000,,NASHVILLE,TN,37214,SOFTWARE MAINTENANCE SERVICES,6773206,,,,,
942162549,2023,INSTITUTE ON AGING,3575 GEARY BLVD,,SAN FRANCISCO,CA,941183212,HEALTH SERVICES,23127201,,,,,
942162549,2023,PHARMASTAR LLC,228 STRAWBRIDGE DRIVE,,MOORESTOWN,NJ,08057,PHARMACY BENEFIT MANAGEMENT,15246535,,,,,
942162549,2023,CALIFORNIA PACIFIC MEDICAL CENTER,PO BOX 278450,,SACRAMENTO,CA,958278450,HEALTH SERVICES,4114417,,,,,
942162549,2023,JC CARE INC,2740 CALIFORNIA STREET,,SAN FRANCISCO,CA,94115,HEALTH SERVICES,3633499,,,,,
942162549,2023,UCSF MEDICAL CENTER,PO BOX 885904,,LOS ANGELES,CA,900885904,HEALTH SERVICES,2845625,,,,,
860974183,2023,ONMESSAGE PUBLIC STRATEGIES,71 GIDDINGS AVE SUITE 41,,ANNAPOLIS,MD,21401,PUBLIC RELATIONS SERVICES,714346,,,,,
860974183,2023,INTELITRANS LLC,4314 E GRAYTHORN AVE STE 100,,PHOENIX,AZ,85044,DISTRIBUTION SERVICES,296579,,,,,
860974183,2023,CAPITOL 6 ADVISORS,300 S WASHINGTON ST SUITE 300,,ALEXANDRIA,VA,22314,CONSULTING SERVICES,249587,,,,,
860974183,2023,CROSSROADS STRATEGIES LLC,800 NORTH CAPITOL STREET NORTHWEST,,WASHINGTON,DC,20002,CONSULTING SERVICES,221457,,,,,
860974183,2023,THE HERALD GROUP LLC,1800 M STREET NORTHWEST SUITE 450,,WASHINGTON,DE,20036,PUBLIC RELATIONS SERVICES,164829,,,,,
521974904,2023,BULLY PULPIT INTERACTIVE LLC,1445 NEW YORK AVE NW 5TH FL,,WASHINGTON,DC,20005,ADVOCACY SERVICES,4041711,,,,,
521974904,2023,SKDKNICKERBOCKER LLC,1150 18TH ST NW STE 800,,WASHINGTON,DC,20005,ADVOCACY SERVIVES,2328825,,,,,
521974904,2023,THIES AND GRENELL LLC,214 N 11TH STREET 3W,,BROOKLYN,NY,11211,ADVOCACY SERVICES,2305293,,,,,
521974904,2023,DP STRATEGIES LLC,1203 K STREET NW,,WASHINGTON,DC,20005,ADVOCACY SERVICES,1536767,,,,,
521974904,2023,GRSG COMPANY,5922 EXCELSIOR BLVD,,MINNEAPOLIS,MN,55416,ADVOCACY SERVICES,522650,,,,,
133539048,2023,RWT PRODUCTIONS LLC,8932 ORANGE HUNT LANE,,ANNANDALE,VA,22003,Direct Mail Consulting,197346,,,,,
133539048,2023,CATALIST LLC,1090 VERMONT AVE NW STE 300,,WASHINGTON,DC,20005,Data management / IT services,154970,,,,,
133539048,2023,TASK FORCE LLC,4313 MENTONE AVE,,CULVER CITY,CA,90232,marketing services,112500,,,,,
954523231,2023,MAKENA CAPITAL MANAGEMENT,2755 SAND HILL RD SUITE 200,,MENLO PARK,CA,94025,INVESTMENT MANAGEMENT,5604910,,,,,
954523231,2023,FORUM ONE COMMUNICATIONS CORP,6140 S GUN CLUB RD K6 153,,AURORA,CO,80016,WEBSITE HOSTING AND MAINTENANCE,232151,,,,,
954523231,2023,VISIONS INC,1452 DORCHESTER AVE 4TH FL,,DORCHESTER,MA,02122,CONSULTING,149848,,,,,
954523231,2023,CENTER FOR CREATIVE LEADERSHIP,ONE LEADERSHIP PLACE,,GREENSBORO,NC,27410,STAFF TRAINING,146050,,,,,
510157792,2023,OMNI HOTEL & RESORT,555 SOUTH LAMAR,,DALLAS,TX,75202,HOTEL SERVICES,538081,,,,,
510157792,2023,THE EXPO GROUP,5931 CAMPUS CIRCLE WEST,,IRVING,TX,75063,DECORATOR,456623,,,,,
510157792,2023,KBH CONVENTION CENTER,650 S GRIFFIN,,DALLAS,TX,75202,CONVENTION RENT,395978,,,,,
510157792,2023,SAFARI CLASSICS,5206 MCKINNEY AVE 101,,DALLAS,TX,75205,ADVERTISING,391250,,,,,
510157792,2023,ALFORD MEDIA SERVICES INC,2965 SOUTH FREEPORT PKWY,,COPPELL,TX,75019,MEDIA,342547,,,,,
237302826,2023,,3-1550 Kaumualii Hwy,,Lihue,HI,96766,Landscaping,232488,Kauai Nursery Landscaping Inc,,,,
361707667,2023,ACCION LABS US INC,DDI PLAZA I 1225 WASHINGTON PIKE,,BRIDGEVILLE,PA,15017,STAFFING AND CONSULTING,7171718,,,,,
361707667,2023,MICROSOFT CORPORATION (LICENSING),1950 N STEMMONS FWY,,DALLAS,TX,75207,SOFTWARE LICENSING,2521678,,,,,
361707667,2023,ORACLE AMERICA INC,PO BOX 203448,,DALLAS,TX,75320,SOFTWARE LICENSING,1229410,,,,,
361707667,2023,RIGHTPOINT,1155 AVENUE OF THE AMERICAS 4TH FL,,NEW YORK,NY,10036,CONSULTING SERVICES,1099218,,,,,
361707667,2023,TEKSYSTEMS INC,7437 RACE ROAD,,HANOVER,MD,21076,STAFFING,960979,,,,,
135562401,2024,RGM CAPITAL LLC,9010 Strada Stell Court,Suite 105,Naples,FL,34109,INVESTMENT MANAGEMENT,2524181,,,,,
135562401,2024,DALTON INVESTMENTS LLC,1601 Cloverfield Boulevard,Suite 5050N,Santa Monica,CA,90404,INVESTMENT MANAGEMENT,2133361,,,,,
135562401,2024,SDC CAPITAL PARTNERS,817 Broadway,10th Floor,New York,NY,10003,INVESTMENT MANAGEMENT,2018826,,,,,
135562401,2024,GOLDENTREE CLARENCE ASSET MANAGEMENT,300 Park Avenue,20th Floor,New York,NY,10022,INVESTMENT MANAGEMENT,2002472,,,,,
135562401,2024,ALYESKA INVESTMENT GROUP LP,77 West Wacker Drive,Suite 700,Chicago,IL,60611,INVESTMENT MANAGEMENT,1914581,,,,,
431634280,2024,CYBERGRANTS LLC,300 BRICKSTONE SQ STE 601,,ANDOVER,MA,018101454,GRANT PROCESSING,8287044,,,,,
431634280,2024,APFS STAFFING INC ADDISON GROUP,7076 SOLUTIONS CTR,,CHICAGO,IL,606777000,TEMP HIRING AGENCY,886959,,,,,
431634280,2024,OMAZE INC,5735 W ADAMS BLVD,,LOS ANGELES,CA,900162440,DIGITAL FUNDRAISING,450000,,,,,
431634280,2024,BDO USA LLP,8401 GREENSBORO DR STE 800,,MCLEAN,VA,210023599,FINANCIAL STATEMENT AUDIT,177158,,,,,
431634280,2024,EMILY STREET ENTERPRISES LLC NAUTICON I,15878 GAITHER DR,,GAITHERSBURG,MD,208771404,REMOTE IT SUPPORT,104604,,,,,
131788491,2024,Acara Solutions Inc,250 International Dr,,Williamsville,NY,14221,Contract Labor Services,4777449,,,,,
131788491,2024,Community Counseling Service Co LLC,527 Madison Ave,,New York,NY,10022,Consulting and professional fundraising,4704835,,,,,
131788491,2024,JE Dunn Construction,1001 Locust Street,,Kansas City,MO,64106,Construction,4584634,,,,,
131788491,2024,TechAspect Solutions LLC dba TA Digital,888 W Big Beaver Rd,2nd Floor,Troy,MI,48084,Information Technology Professional Services,3347176,,,,,
131788491,2024,Salesforce,PO Box 203141,,Dallas,TX,75320,CRM Technology Professional Services,3164117,,,,,
810739440,2024,BENEVITY INC,611 MEREDITH ROAD NE UNIT 700,,CALGARY,,,ADMINISTRATIVE SVCS,54453559,,ALBERTA,CA,,T2E 2W5
810739440,2024,BLUESNAP CORPORATE HQ,800 SOUTH STREET SUITE 640,,WALTHAM,MA,02453,ADMINISTRATIVE SVCS,5539920,,,,,
810739440,2024,PAYPAL,2211 NORTH FIRST STREET,,SAN JOSE,CA,95131,ADMINISTRATIVE SVCS,734061,,,,,
810739440,2024,CITIBANK,388 GREENWICH STREET,,NEW YORK CITY,NY,10013,ADMINISTRATIVE SVCS,513597,,,,,
821406555,2024,AMN Healthcare Inc,PO BOX 281923,,Atlanta,GA,30384,Agency Costs,92972751,,,,,
821406555,2024,MBM Contracting Inc,4999 Old Clairton Rd,,Pittsburgh,PA,15236,Construction,48909821,,,,,
821406555,2024,Google,1600 Amphitheatre PKWY,,Mountain View,CA,94043,Cloud Computing,48033365,,,,,
821406555,2024,Allied Universal Security Services LLC,PO BOX 828854,,Philadelphia,PA,191828854,Security Services,19653998,,,,,
821406555,2024,Rycon Construction,2501 Smallman Street,Suite 100,Pittsburgh,PA,15222,Construction,14421542,,,,,
383952644,2024,KNUTSON CONSTRUCTION SERVICES ROCHESTER,5985 BANDEL RD NW,,ROCHESTER,MN,55901,CONSTRUCTION SERVICES,186579848,,,,,
383952644,2024,THE ROBINS AND MORTON GROUP,5021 CARDINAL ST,,TRUSSVILLE,AL,55486,CONSTRUCTION SERVICES,179393707,,,,,
383952644,2024,RIGHT SOURCING INC,2 EXECUTIVE CIRCLE STE 210,,IRVINE,CA,92614,WORKFORCE SUPPORT SERVICES,156080635,,,,,
383952644,2024,MORRISON MANAGEMENT SPECIALISTS,400 NORTHRIDGE RD STE 600,,SANDY SPRINGS,GA,30350,FOOD SERVICES,101570158,,,,,
383952644,2024,DPR CONSTRUCTION A GENERAL PARTNERSHIP,1450 VETERANS BLVD,,REDWOOD CITY,CA,94063,CONSTRUCTION SERVICES,57897867,,,,,
550643304,2024,Medical Solutions Llc,1010 N 102nd St Ste 300,,Omaha,NE,681142122,Healthcare Staffing Services,22620842,,,,,
550643304,2024,Comprehensive Care Services Inc,45211 Helm St,,Plymouth,MI,481706023,"Mostly perfusion services, some supplies",4828248,,,,,
550643304,2024,Quest Diagnostics Nichols Intitute Inc,14255 Newbrook Dr,,Chantilly,VA,201512228,Laboratory Services,3686873,,,,,
550643304,2024,National Marrow Donor Program,500 N 5th St,,Minneapolis,MN,554011206,Lab services / supplies,1623510,,,,,
550643304,2024,Mayo Collaborative Services Inc,200 1St St Sw,,Rochester,MN,559050001,Laboratory Services,1526788,,,,,
421435199,2024,H&R ACCOUNTS INC,5320 22ND AVE,,MOLINE,IL,61265,COLLECTION SERVICES,6895137,,,,,
421435199,2024,APPRISE MD LLC,707 SKOKIE BLVD STE 600,,NORTHBROOK,IL,60062,PROVIDER CONSULTING,6381437,,,,,
421435199,2024,HEARTLAND BUSINESS SYSTEMS LLC,108 3RD STREET,,DES MOINES,IA,50309,TECHNOLOGY SERVICES,6186810,,,,,
421435199,2024,FACTORY MUTUAL INSURANCE COMPANY,270 CENTRAL AVE,,JOHNSTON,RI,02919,LOSS PREVENTION SERVICES,4862119,,,,,
421435199,2024,CLINISYS INC,3300 E SUNRISE DR,,TUCSON,AZ,85718,LABORATORY SERVICES,2189504,,,,,
912153073,2024,QUALIVIS LLC,PO BOX 674913,,DALLAS,TX,75267,PERSONNEL SERVICES,199590256,,,,,
912153073,2024,TURNER CONSTRUCTION CO,1422 EUCLID AVE STE 1400,,CLEVELAND,OH,44115,CONSTRUCTION SERVICES,45057174,,,,,
912153073,2024,SIEMENS MEDICAL SOLUTIONS INC,PO BOX 121102,,DALLAS,TX,75312,HEALTHCARE IT & ENGINEERING SERVICES,33251685,,,,,
912153073,2024,GILBANE BUILDING CO,950 MAIN AVE 1410,,CLEVELAND,OH,44113,CONSTRUCTION SERVICES,32320738,,,,,
912153073,2024,WHITING-TURNER CONTRACTING,5875 LANDERBROOK DR 100,,CLEVELAND,OH,44124,CONSTRUCTION SERVICES,26134952,,,,,
204560286,2024,QUAD C LE HOLDINGS LLC DBA LAVINIA GROUP,2805 DODD ROAD,,EAGAN,MN,55121,CONSULTING FOR PROFESSIONAL DEVELOPMENT,512915,,,,,
204560286,2024,OAK ROSE GROUP LLC,7337 E ROSE LANE,,SCOTTSDALE,AZ,852505511,CONSULTING SERVICES FOR LOCAL EDUCATION,272000,,,,,
204560286,2024,ELMCO LLC DBA HUNTINGTON LEARNING CENTER,7035 HAMPSTEAD LANE,,INDIANAPOLIS,IN,46256,TUTORING FOR ELIGIBLE STUDENTS THROUGH T,266178,,,,,
204560286,2024,ROUTE TO READING LTD,1546 WAGON WHEEL ROAD,,HARSEL,CO,80449,TUTORING FOR ELIGIBLE STUDENTS THROUGH T,167702,,,,,
204560286,2024,BILINGUAL BRIDGES,6491 N PARK AVENUE,,INDIANAPOLIS,IN,46220,TUTORING FOR ELIGIBLE STUDENTS THROUGH T,165096,,,,,
530116130,2024,BREWER ATTORNEYS AND COUNSELORS,1717 MAIN ST,SUITE 5900,DALLAS,TX,75201,LEGAL SERVICES,22118491,,,,,
530116130,2024,MEMBERSHIP ADVISORS FUNDRAISING LLC,11250 WAPLES MILL RD,,FAIRFAX,VA,22030,MEMBERSHIP CONSULTING,8620000,,,,,
530116130,2024,INFOCISION MANAGEMENT CORP,325 SPRINGSIDE DR,,AKRON,OH,44333,TELEMARKETING AND MEMBER SERVICES,6025577,,,,,
530116130,2024,COMMUNICATIONS CORP OF AMERICA,13129 AIRPARK DRIVE,SUITE 120,ELKWOOD,VA,22718,PRINTING AND MAILING SERVICES,5530125,,,,,
530116130,2024,QUADGRAPHICS,N61 W23044 HARRYS WAY,,SUSSEX,WI,53089,MAGAZINE PRINTING,4947632,,,,,
951985500,2024,Incomm Digital Solutions LLC,250 Williams Street 5th Fl,,Atlanta,GA,30303,Bulk gift card provider,293925977,,,,,
951985500,2024,Essence Mediacom LLC,185 Greenwich St Ste LL4305,,New York,NY,10007,Media agency,78031226,,,,,
951985500,2024,Quad Graphics Inc,110 S Union St Unit 200,,Alexandria,VA,22314,Marketing solutions services,75834124,,,,,
951985500,2024,Strand Marketing LLC,1235 Hermosa Ave 300,,Hermosa Beach,CA,90254,Digital marketing services,34208559,,,,,
951985500,2024,RR Donnelley,4101 Winfield Road,,Warrenville,IL,60555,Printing services,33766966,,,,,
510157792,2024,CMAC LLC,2245 Keller Way Suite 310,,Carrollton,TX,75006,Transportation,140385,,,,,
510157792,2024,Corliss Financial Services,3818 Cibola Trail,,Carrollton,TX,75007,Financial Services,131651,,,,,
510157792,2024,Crosswind Solutions,9423 Blackpond Lane,,Delaplane,VA,20144,Lobbying,199992,,,,,
510157792,2024,Food Service Management by MGR LLC,285 Andrew Young International Blvd,,Atlanta,GA,30313,Food Services,360877,,,,,
510157792,2024,Safari Classics Productions,5206 McKinney Ave Suite 101,,Dallas,TX,75205,Video Production,365000,,,,,
990107971,2024,COMMUNITY CASE MANAGEMENT CORPORATION,91-1360 KARAYAN STREET,,EWA BEACH,HI,96706,CARE COORDINATION,1141166,,,,,
990107971,2024,COMPASS CONSULTING GROUP INC,200 GALLERIA PARKWAY SE STE 1950,,ATLANTA,GA,30339,BROKER,354063,,,,,
990107971,2024,LOVELYTICS DATA LLC,4201 WILSON BLVD SUITE 110-372,,ARLINGTON,VA,222031859,DATA ANALYSTIC CONSULTING SERVICES,316413,,,,,
990107971,2024,ACCUITY LLP,999 BISHOP STREET SUITE 2300,,HONOLULU,HI,96813,AUDIT AND TAX PREPARATION,269529,,,,,
990107971,2024,HIGH TECH HUI LLC,1050 QUEEN STREET SUITE 100,,HONOLULU,HI,96814,SYSTEM CONSULTING SERVICES,234329,,,,,
912117699,2024,BOYS & GIRLS CLUBS OF AMERICA,1275 PEACHTREE STREET NE,,ATLANTA,GA,30309,YOUTH DEVELOPMENT,484339,,,,,
912117699,2024,BOYS & GIRLS CLUBS OF OHIO,1000 CLEVELAND AVENUE,,COLUMBUS,OH,43201,YOUTH DEVELOPMENT,448872,,,,,
912117699,2024,WHEELING COUNTRY DAY SCHOOL,8 PARK ROAD,,WHEELING,WV,26003,EDUCATIONAL DEVELOPMENT,322920,,,,,
912117699,2024,TRANSFR VR,333 W 39TH STREET,,NEW YORK,NY,10018,SKILLS TRAINING,228000,,,,,
912117699,2024,EDMENTUM,5600 W 83RD STREET STE 300,,MINNEAPOLIS,MN,55437,TUTORING SERVICES,222500,,,,,
208802884,2024,GELLER & COMPANY LLC,PO BOX 1510,,NEW YORK,NY,10150,FINANCIAL AND ADVISORY SERVICES,4573246,,,,,
208802884,2024,DUPONT HOTEL PROJECT OWNER LLC,1919 CONNECTICUT AVENUE NW,,WASHINGTON,DC,20009,LODGING AND ACCOMODATION,1903094,,,,,
208802884,2024,VENABLE LLP,750 E PRATT STREET SUITE 900,,BALTIMORE,MD,21202,LEGAL SERVICES,1232746,,,,,
208802884,2024,ANNE LEWIS STRATEGIES LLC,650 MASSACHUSETTS AVENUE NW SUITE,,WASHINGTON,DC,20001,FUNDRAISING STRATEGIC CONSULTING,1041513,,,,,
208802884,2024,ALLEGIANCE FUNDRAISING LLC,PO BOX 9132,,FARGO,ND,58160,FUNDRAISING STRATEGIC CONSULTING,835159,,,,,
