FilerEIN,TaxYear,GrantType,Recipients,CashGrant,NonCashAssistance,ValuationMethodUsedDesc,NonCashAssistanceDesc
135562401,2018,ECONOMIC ASSISTANCE,13,17090,0,,
510198509,2018,SCHOLARSHIPS,25,118614,,,
810421425,2018,SCHOLARSHIP,12,36000,,,
364724966,2018,SCHOLARSHIPS,138,294339,,,
364724966,2018,EMPLOYEE CRISIS ASSISTANCE,195,290021,,,
364724966,2018,PATIENT BILL ASSISTANCE,40,214400,,,
364724966,2018,PATIENT TRANSPORTATION ASSISTANCE,57,2172,,,
364724966,2018,FOOD AND MEDICINE FOR INDIVIDUALS,218,18387,,,
846059504,2018,"HSG, REGISTRATION, TRAVEL",171,101478,,,
846059504,2018,GIFTS AND GRANTS,129,38744,,,
264436716,2018,Direct cost of youth and families in care,4963,,473013,Book,Financial Assistance
941196203,2018,DIRECT CASH ASSISTANCE,604,648270,,N/A,N/A
941196203,2018,FINANCIAL ASSISTANCE TO PATIENTS/NEEDY,7096,582236,,N/A,N/A
941196203,2018,SCHOLARSHIP,58,148600,,N/A,N/A
941196203,2018,DONATION OF CLOTHING/OTHER TO PATIENTS/NEEDY,22666,,45225,COST,"CLOTHING, CAR SEATS"
941196203,2018,MEDICAL SUPPLIES/EQUIPMENT TO PATIENTS/INDIGENTS,228,,21327,COST,medical supplies/equ
941196203,2018,PHARMACY CHARITY PRESCRIPTION,483,,126814,COST,pharmaceuticals
941196203,2018,PROVISION OF FOOD/MEALS,14660,,270354,COST,FOOD
742393839,2018,STUDENT SCHOLARSHIPS,6,10500,,FMV,N/A
941461312,2018,COMMUNITY SERVICE GRANT AWARDS,1,10000,,N/A,
464830470,2017,SCHOLARSHIPS AND AWARDS,700,228893,,FMV,
880361875,2017,TEACHER APPRECIATION,20,100000,,,
364724966,2017,SCHOLARSHIPS,106,247800,,,
364724966,2017,EMPLOYEE CRISIS ASSISTANCE,116,181941,,,
364724966,2017,PATIENT BILL ASSISTANCE,18,50730,,,
364724966,2017,PATIENT TRANSPORTATION ASSISTANCE,284,5787,,,
364724966,2017,FOOD AND MEDICINE FOR INDIVIDUALS,188,25361,,,
846059504,2017,"HSG, REGISTRATION, TRAVEL",47,92742,,,
846059504,2017,GIFTS AND GRANTS,24,14367,,,
361408475,2017,FELLOWSHIPS,442,,1088972,,
361408475,2017,SCHOLARSHIPS,12826,,208235784,,
811769805,2017,Scholarship grants paid directly to the US Educational Institution attended by the recipient.,13,9158,0,Cash USD,No Non-Cash Assistance was provided.
237254290,2017,SCHOLARSHIPS,215,128201,,,
746075288,2017,SCHOLARSHIPS FOR STUDENTS ATTENDING COLLEGE,12,7062,,,
746075288,2017,DISASTER RELIEF GIFTS FOR FLOODING VICTIMS,5,,1596,AT COST VALUE,
590624458,2016,Scholarships for tuition housing meals and books,13492,414638608,,N/A,N/A
590624458,2016,Grants and Other Assistance - Research,2,20050,,N/A,N/A
370813229,2016,SCHOLARSHIPS,126,234177,0,N/A,N/A
381753186,2016,EDUCATIONAL SCHOLARSHIPS,38,34850,,,
042774441,2019,Sibylla Orth Young Fund for Student Aid,16,31000,,FMV,
042774441,2019,Nursing Education Scholarship Fund,47,93000,,FMV,
042774441,2019,Yawkey Family Inn Fund,4112,,93695,FMV,Housing Assistance
042774441,2019,Devon Nicole House Operating Fund,2118,,1535,FMV,Housing Assistance
042774441,2019,Pet Therapy Program Fund,2552,,131015,FMV,Theurapeutic dog visits made to inpatients
042774441,2019,Extraordinary Needs Fund II,100,63701,,FMV,
042774441,2019,Volunteer Department Fund,1000,,9551,FMV,"Supplies, Catering and Entertainment for Patients and Patient's families."
042774441,2019,Broadway Sam Fund,56,,10260,FMV,Tickets for Art and Entertainment Events
042774441,2019,Family Services Fund,1821,,125614,FMV,Greeting Cards and supplies for Adopt a Family Program & wellness supplies and services
042774441,2019,Milagros Para las Family Fund,550,,29163,FMV,Translation services and program support for spanish speaking families.
042774441,2019,Barber Family Endowment Fund,21,,5931,FMV,Teen Advisory Committee expenses
042774441,2019,Hale Center for Families Endowment Operating Fund,356,,95792,FMV,Child Life Specialist and art supplies.
042774441,2019,Matthew Puffer Parking Fund,23,420,,FMV,
042774441,2019,Foster Grandparent Program Fund,30,,200,FMV,"Sponsored dog show, music events, magic shows and face painting activities"
042774441,2019,Patient Family Housing Fund,697,,64794,FMV,Housing Assistance
042774441,2019,Room to Heal Fund,74,,5073,FMV,"Did You Know lunch series catering, printed materials for family resources"
042774441,2019,Telemachus and Irene Demoulas Family Foundation Extraordinary Needs Endowment Operating Fund,252,,18883,FMV,"PACT Hope Program support, comfort sheets for end of life, Keeping Connections event"
042774441,2019,Alexander Mosse Baer Entertainment Fund,100,,525,FMV,Sponsored one dog show and four magic shows
042774441,2019,Brandano Parent Apartment Fund,932,,58120,FMV,Housing Assistance
042774441,2019,Patient Care Support Services Endowment/Income Fund,4000,,100063,FMV,Parking Vouchers & Spanish Speaking Support
363245072,2019,BASIC EDUCATION AND LITERACY-SCHOLARSHIP,1,19500,,,
363245072,2019,DISEASE PREV. AND TREATMENT-SCHOLARSHIP,8,293849,,,
363245072,2019,ECON. AND COMMUNITY DEVELOP.-PROJ.ENHANCEMENT,17,13073,,,
363245072,2019,ECON. AND COMMUNITY DEVELOP.-SCHOLARSHIP,5,183090,,,
363245072,2019,MATERNAL AND CHILD HEALTH-SCHOLARSHIP,1,36000,,,
363245072,2019,PEACE AND CONFL. PREV./RESOLUTION-HUMANITARIAN,23,56507,,,
363245072,2019,PEACE AND CONFL. PREV./RESOLUTION-SCHOLARSHIP,39,1408633,,,
363245072,2019,WATER AND SANITATION-SCHOLARSHIP,7,432119,,,
271346553,2019,Grants to Individuals,2,29935,,,
364724966,2019,SCHOLARSHIPS,102,286053,,,
364724966,2019,EMPLOYEE CRISIS ASSISTANCE,180,192819,,,
364724966,2019,PATIENT BILL ASSISTANCE,50,144800,,,
364724966,2019,PATIENT TRANSPORTATION ASSISTANCE,35,1296,,,
364724966,2019,FOOD FOR INDIVIDUALS,50,2100,,,
364724966,2019,MEDICINE FOR INDIVIDUALS,2450,,857940,COST,PRESCRIPTIONS FILLED FOR PATIENTS UNABLE TO AFFORD THE COST
900656139,2019,SCHOLARSHIPS,372,7241010,0,,
900656139,2019,TUITION REDUCTION - VARIOUS RECIPIENTS,,1004235,,,
912153073,2019,SCHOLARSHIPS,226,8423834,,,
912153073,2019,FELLOWSHIPS,1887,92649939,,,
237254290,2019,SCHOLARSHIPS,510,117228,,,
912117699,2019,Scholarships,4,17313,,,
530116130,2019,NRA JEANNE E BRAY MEMORIAL SCHOLARSHIP AWARDS,22,91491,0,,
951985500,2019,AARP Purpose Prize,1,60000,,,
135562401,2020,ECONOMIC ASSISTANCE,3,6900,0,,
271346553,2020,Specific Assist to Individuals,1,9848,,FMV,
364724966,2020,SCHOLARSHIPS,84,198250,,,
364724966,2020,EMPLOYEE CRISIS ASSISTANCE,226,275326,,,
364724966,2020,PATIENT BILL ASSISTANCE,12,40800,,,
364724966,2020,PATIENT TRANSPORTATION ASSISTANCE,320,17608,,,
364724966,2020,FOOD FOR INDIVIDUALS,500,16182,,,
364724966,2020,MEDICINE FOR INDIVIDUALS,1860,,650913,COST,PRESCRIPTIONS FILLED FOR PATIENTS UNABLE TO AFFORD THE COST
364724966,2020,MEDICAL EQUIPMENT FOR INDIVIDUALS,11,,32972,COST,MEDICAL EQUIPMENT PURCHASED FOR PATIENTS UNABLE TO AFFORD THE COST.
900656139,2020,SCHOLARSHIPS,423,7595346,0,,
900656139,2020,TUITION REDUCTION - VARIOUS RECIPIENTS,0,737500,0,,
210650678,2020,"RIDER UNIVERSITY ATHLETIC, MERIT AND NEED-BASED FINANCIAL AID",4479,84929669,,,
210650678,2020,RESTRICTED AID USED FOR SCHOLARSHIP,471,2735225,,,
210650678,2020,N.J. - EDUCATIONAL OPPORTUNITY FUND,102,463003,,,
210650678,2020,FEDERAL SUPPLEMENTAL EDUCATIONAL OPPORTUNITY GRANT PROGRAM,871,398111,,,
210650678,2020,FEDERAL NSF NOYCE GROW YOUR OWN PIPELINE,17,218274,,,
210650678,2020,FEDERAL STUDENT SUPPORT SERVICES PROGRAM,48,56432,,,
912153073,2020,SCHOLARSHIPS,331,8861497,,,
912153073,2020,FELLOWSHIPS,1874,94860623,,,
237014089,2020,CHARITABLE CONTRIBUTION,734,1004844,,,
340714585,2020,SCHOLARSHIPS,199,8685666,,,
340714585,2020,FELLOWSHIPS,1482,75876181,,,
912117699,2020,Scholarships,23,16850,,,
530116130,2020,NRA JEANNE E BRAY MEMORIAL SCHOLARSHIP AWARDS,23,85500,,,
300108263,2021,FUNDS RAISED BY GLOBALGIVING AND DISBURSED TO MEET DONOR EXPECTATIONS,7,117883,,,
953950424,2021,FINANCIAL AID,22,123212,,,
611740292,2021,SCHOLARSHIPS,34,8000,26750,N/A,N/A
912117699,2021,Scholarships,37,44103,,,
237401870,2021,2% NYS FIRE INSURANCE FUND MONIES ARE USED TO PROVIDE FOR THE NEEDS OF NEEDY AND INDIGENT FIREFIGHTERS,200,64127,,,
980127096,2021,PRIZES,1,462,,,
980127096,2021,SCHOLARSHIPS,1,488,,,
980127096,2021,HARDSHIP GRANTS,94,55996,,,
980127096,2021,MOBILITY AND EMPLOYABILITY GRANTS,5,2592,,,
980127096,2021,STUDENT SSP Grants,18,6763,,,
980127096,2021,STUDENT STIPENDS,53,745308,,,
980127096,2021,FEE WAIVERS,2,,18935,Course fee cost,RTP scheme
611740292,2022,SCHOLARSHIPS,,37000,,N/A,N/A
611740292,2022,RESIDENT STIPENDS,,56763813,,N/A,N/A
510198509,2022,SCHOLARSHIP,21,257500,,,
530183181,2022,To assist with costs associated with efforts to avoid livestock depredation by wolves.,5,31500,,N/A,N/A
530183181,2022,To assist with costs associated with efforts to install bison fencing for the Blackfeet Nation's cultural buffalo herd.,1,20000,,N/A,N/A
530183181,2022,Electric Fence Incentive Program.,69,19729,,N/A,N/A
530183181,2022,To assist with costs to transfer Yellowstone bison to the Fort Peck Indian Reservation.,1,6750,,N/A,N/A
530183181,2022,For Ranching with Wolves workshops.,1,6393,,N/A,N/A
530183181,2022,Bear Co-existence Incentive Program.,1,195,,N/A,N/A
846059504,2022,"HSG, REGISTRATION, TRAVEL",,433701,,,
846059504,2022,GIFTS AND GRANTS,,18350,,,
742393839,2022,STUDENT SCHOLARSHIPS,9,18600,,FMV,N/A
954523231,2022,2023 SUPPORT FOR FUNDERS FOR MATERNAL MENTAL HEALTH,1,27000,,,
954523231,2022,ADAPTING THE CA BRIDGE PROGRAM TO IMPROVE ACCESS TO REPRODUCTIVE HEALTH - PLANNING GRANT,1,30000,,,
954523231,2022,ADVANCING BLACK HEALTH EQUITY: LISTENING TO BLACK CALIFORNIANS,1,46838,,,
954523231,2022,ADVANCING THE ALIGNMENT OF STATE HOUSING ACTIVITIES WITH HEALTH CARE OPPORTUNITIES,1,10710,,,
954523231,2022,ADVANCING THE NURSE PRACTITIONER WORKFORCE IN CALIFORNIA AB890,1,16481,,,
954523231,2022,ALMANAC QUALITY METRICS UPDATE 2022-2024,1,5950,,,
954523231,2022,ALMANAC QUALITY METRICS: DEVELOPING AND UPDATING DATA SETS AND HIGH-LEVEL FINDINGS,1,7800,,,
954523231,2022,AUDIO/VISUAL STORYTELLING PEOPLE EXPERIENCING HOMELESSNESS,2,68723,,,
954523231,2022,BEHAVIORAL HEALTH IN MEDI-CAL,1,1000,,,
954523231,2022,BLOG ARTICLES ON LA CARE/HOUSING INTEGRATION PILOTS,1,9082,,,
954523231,2022,BUSINESS PLANNING SUPPORT FOR MULTICAMPUS POST-MASTER'S PMHNP CONSORTIUM OFFICE,1,31950,,,
954523231,2022,CALIFORNIA DEPARTMENT OF HEALTH CARE SERVICES COMMUNICATIONS: CROSS PROJECT LEARNING,1,17205,,,
954523231,2022,CALIFORNIA HEALTH INSURERS ENROLLMENT AND MEDICAL LOSS RATIO UPDATE,1,18900,,,
954523231,2022,"CALIFORNIA HEALTH INSURERS, 2021 EDITION & RELATED PRODUCTS",1,26180,,,
954523231,2022,"CHCF BIRTH EQUITY ADVISORY GROUP, 2022",5,7500,,,
954523231,2022,CHCF SUMMARY BRIEF ON THE 2022 CALIFORNIA HEALTH INFORMATION TECHNOLOGY (IT) LANDSCAPE ASSESSMENT,1,12353,,,
954523231,2022,CO-FUNDING SUPPORT FOR A MATERNAL MENTAL HEALTH FUNDERS' CIRCLE,1,2500,,,
954523231,2022,COMMUNICATIONS PROJECT MANAGEMENT-LISTENING TO BLACK CALIFORNIANS,1,50490,,,
954523231,2022,COMMUNICATIONS SUPPORT FOR CALHHS BEHAVIORAL HEALTH INITIATIVES,1,11400,,,
954523231,2022,COMMUNITY BASED ORGANIZATION (CBO) STATEWIDE INVENTORY EXPLORATORY PROJECT,1,15000,,,
954523231,2022,COMMUNITY HEALTH WORKER & PROMOTOR WORKFORCE CBC: EDITING AND COMMUNICATIONS SUPPORT,1,23100,,,
954523231,2022,COMMUNITY HEALTH WORKER & PROMOTORES CAPACITY BUILDING COLLABORATIVE ADMINISTRATIVE LEAD,1,250131,,,
954523231,2022,COMMUNITY HEALTH WORKER STATE PLAN AMENDMENT TECHNICAL ASSISTANCE,1,450,,,
954523231,2022,COMPANY PROFILES FOR LONG TERM SERVICES AND SUPPORTS (LTSS) INNOVATION LANDSCAPE,1,26200,,,
954523231,2022,CONSULTATION TO STATEWIDE ANALYSIS OF END-OF-LIFE METRICS AMONG MEDI-CAL DECEDENTS,2,390,,,
954523231,2022,CONSULTING SUPPORT RELATED TO BUILDING RELATIONSHIPS AND KNOWLEDGE IN LOS ANGELES,1,3965,,,
954523231,2022,CONTINUOUS COVERAGE UNWINDING IN CALIFORNIA: FEDERAL FLEXIBILITIES AND STATE ACTIONS,1,36050,,,
954523231,2022,EARLY AND PERIODIC SCREENING DIAGNOSIS AND TREATMENT OUTREACH AND EDUCATION TOOLKIT: CONSUMER RESEARCH,1,188840,,,
954523231,2022,ECOSYSTEM DEVELOPMENT TO SUPPORT UNDERREPRESENTED FOUNDERS AND INVESTORS IN HEALTH TECH,1,8300,,,
954523231,2022,ELIGIBILITY AND ENROLLMENT PROJECT MANAGEMENT: 2023,1,7290,,,
954523231,2022,ELIGIBLE BUT NOT INSURED: TECHNICAL ASSISTANCE AND PROJECT DEVELOPMENT,1,10268,,,
954523231,2022,EMERGING OPPORTUNITIES FOR THE ADVANCING PRIMARY CARE BODY OF WORK,1,95663,,,
954523231,2022,ENHANCED CARE MANAGEMENT TRAINING RESOURCES,1,8160,,,
954523231,2022,"ENVIRONMENTAL DASHBOARDS, FY21-22",1,10325,,,
954523231,2022,EVALUATION DESIGN FOR THE KAISER POPULATION HEALTH MANAGEMENT INITIATIVE,1,67600,,,
954523231,2022,EVALUATION DESIGN FOR THE UC MULTI-CAMPUS PMHNP POST-MASTERS CERTIFICATE PROGRAM,1,59660,,,
954523231,2022,EXPERT SUPPORT FOR PRIMARY CARE INVESTMENT COORDINATING GROUP,1,16500,,,
954523231,2022,EXPLAINER: MENTAL HEALTH SERVICES ACT (MHSA) BUDGET RESERVES AND UNSPENT BALANCES,1,15500,,,
954523231,2022,EXTERNAL REVIEW AND QUALITY ASSURANCE FOR BENCHMARKING OF PRIMARY CARE SPENDING AND CORRELATION WITH OVERALL COST AND QUALITY PERFORMANCE IN MANAGED MEDI-CAL,1,1400,,,
954523231,2022,FACILITATION SUPPORT FOR HCAI HOSPITAL EQUITY MEASURES ADVISORY COMMITTEE,1,21820,,,
954523231,2022,GENERALIST PALLIATIVE CARE IN PUBLIC HOSPITALS SUSTAINING THE GAINS,3,42475,,,
954523231,2022,"HEALTH CARE COSTS 101 ALMANAC, 2022 EDITION AND RELATED PRODUCTS",1,38700,,,
954523231,2022,HEALTH CARE COSTS 101 AND CALIFORNIA HEALTH CARE COSTS,1,28313,,,
954523231,2022,HEALTH INFORMATION TECHNOLOGY: POTENTIAL FUNDING SOURCES AND TECHNICAL ASSISTANCE NEEDS FOR THE DELIVERY SYSTEM,1,45000,,,
954523231,2022,HEALTH PROFESSION ASSOCIATIONS - EXPLORATION,1,2700,,,
954523231,2022,"HOMELESSNESS QUICK REFERENCE GUIDE, 2022",1,4785,,,
954523231,2022,IMPROVING MEDI-CAL PRESUMPTIVE ELIGIBILITY AND ADDRESSING DISCONTINUOUS ENROLLMENT: PROJECT MANAGEMENT,1,73440,,,
954523231,2022,IMPROVING USABILITY OF MEDI-CAL ENROLLEE COMMUNICATIONS,1,43824,,,
954523231,2022,INNOVATION FUND SUBJECT MATTER EXPERT AND MENTOR,7,17500,,,
954523231,2022,INNOVATION LANDSCAPE: VIRTUAL TRAINING FOR HEALTH CARE WORKERS,1,30000,,,
954523231,2022,LA COUNTY HEALTH CARE LEADER ROUNDTABLES - PHASE 2,1,32421,,,
954523231,2022,LA COUNTY MANAGED CARE PLAN NEEDS ASSESSMENT SYNTHESIS,1,24167,,,
954523231,2022,LISTENING TO BLACK CALIFORNIANS COMMUNITY COMMUNICATIONS CAMPAIGN,1,69000,,,
954523231,2022,LISTENING TO BLACK CALIFORNIANS PHASE II: ISSUE BRIEFS,1,18000,,,
954523231,2022,MATERNITY CARE IN CALIFORNIA 2023 UPDATE,1,31500,,,
954523231,2022,MEDICAID AND HOMELESSNESS POLICY CONSULTANT,1,900,,,
954523231,2022,MEDI-CAL COVERAGE EXPANSION: DEVELOPING IMPACT RESEARCH,1,8550,,,
954523231,2022,MEDI-CAL EXPLAINED: FACT SHEETS,1,18000,,,
954523231,2022,MEDI-CAL PALLIATIVE CARE TARGETED HEALTH PLAN TECHNICAL ASSISTANCE,2,45719,,,
954523231,2022,OPINION PIECE FOR LISTENING TO BLACK CALIFORNIANS,1,30375,,,
954523231,2022,OUTREACH FOR THE DIGNITY IN PREGNANCY AND CHILDBIRTH COURSE BRIEF SUMMARY,1,34171,,,
954523231,2022,PALLIATIVE CARE IN PUBLIC HOSPITALS SUSTAINING THE GAINS,1,35289,,,
954523231,2022,PLANNING AND INITIAL DATA REVIEW: LISTENING TO BLACK CALIFORNIANS DATA ON OLDER ADULTS,1,14088,,,
954523231,2022,PLANNING PHASE: BUILDING CAPACITY OF SAFETY-NET PROVIDERS TO CARE FOR OLDER ADULTS,1,15500,,,
954523231,2022,PLANNING PROJECT: MEDI-CAL TRAINING PROGRAM FOR SACRAMENTO LEGISLATIVE STAFF AND ADVOCATES,1,24400,,,
954523231,2022,PROJECT MANAGEMENT DATA EXCHANGE PORTFOLIO,1,34600,,,
954523231,2022,PROJECT MANAGEMENT FOR CALIFORNIA HEALTH CARE ALMANAC,1,10230,,,
954523231,2022,PROJECT MANAGEMENT FOR LISTENING TO BLACK CALIFORNIANS PHASE II,1,24500,,,
954523231,2022,PROJECT MANAGEMENT SUPPORT,1,21200,,,
954523231,2022,PSYCHIATRIC MENTAL HEALTH NURSE PRACTITIONER VIDEO,1,23662,,,
954523231,2022,REMOTE PATIENT MONITORING PROJECT EXPLORATION AND DEVELOPMENT,1,7900,,,
954523231,2022,RESEARCH & TECHNICAL ASSISTANCE: FINAL PUBLIC CHARGE RULE PHASE 2,1,3975,,,
954523231,2022,SCOPING AND FRAMEWORK FOR AN EVALUATION OF CONTRACT-MODE IN-HOME SUPPORTIVE SERVICES,1,1875,,,
954523231,2022,STRATEGIC AND SUSTAINABILITY PLANNING SUPPORT FOR CALIFORNIANS FOR THE ADVANCEMENT OF MIDWIFERY (CAM),1,1700,,,
954523231,2022,"STRATEGY, PLANNING, AND PROJECT MANAGEMENT SUPPORT FOR PALLIATIVE CARE BODY OF WORK",1,7000,,,
954523231,2022,STREAMLINING REVENUE CYCLE MANAGEMENT FOR ESSENTIAL COMMUNITY PROVIDERS AND COMMUNITY SUPPORT PROVIDERS,1,88400,,,
954523231,2022,SUBJECT MATTER EXPERT STIPEND - CALIFORNIA MEDI-CAL PHMI EVALUATION DESIGN,3,7500,,,
954523231,2022,SUPPORT FOR CHCF SEPT 2021 PRM OFFSITE AND FIELD LEARNING ON LEARNING COLLABORATIVES,1,1819,,,
954523231,2022,SUPPORT FOR WPC COUNTIES NAVIGATING THE TRANSITION TO CALAIM,1,177306,,,
954523231,2022,"SUPPORTING A WRITER FOR A CHAPTER ON PHILANTHROPY IN THE BOOK ""PRACTICAL PLAYBOOK III: WORKING TOGETHER TO IMPROVE MATERNAL HEALTH""",1,6505,,,
954523231,2022,SUPPORTING INDEPENDENT LIVING IN THE COMMUNITY: INNOVATION LANDSCAPE,1,7750,,,
954523231,2022,TELEHEALTH EXPERIENCE INTERVIEWS PUBLICATION WRITING,1,16500,,,
954523231,2022,TELEHEALTH INITIATIVE PROJECT MANAGEMENT,1,2700,,,
954523231,2022,TELEHEALTH VIDEO SERIES,1,32862,,,
954523231,2022,THE WEALTH OF CA HOSPITALS AND HEALTH SYSTEMS: AN EXAMINATION OF AUDITED FINANCIAL STATEMENTS,2,26230,,,
954523231,2022,UNDERSTANDING AUDIENCE NEEDS FOR HEALTH CARE COST TRANSPARENCY DATA,1,46850,,,
954523231,2022,WEBINAR SUPPORT: EFFECTIVE MESSAGING ABOUT THE MEDI-CAL EXPANSION TO OLDER ADULTS,1,5472,,,
431634280,2023,EMERGENCY RELIEF,339,619093,,,
431292397,2023,SCHOLARSHIPS TO TECH STUDENTS,123,132753,,COST,
364724966,2023,SCHOLARSHIPS,47,114700,,,
364724966,2023,EMPLOYEE CRISIS ASSISTANCE,82,123905,,,
364724966,2023,PATIENT BILL ASSISTANCE,16,74400,,,
364724966,2023,PATIENT TRANSPORTATION ASSISTANCE,57,13741,,,
364724966,2023,MEDICINE FOR INDIVIDUALS,1770,,878778,COST,PRESCRIPTIONS FILLED FOR PATIENTS UNABLE TO AFFORD THE COST
364724966,2023,MEDICAL EQUIPMENT FOR INDIVIDUALS,3,,10850,COST,MEDICAL EQUIPMENT PURCHASED FOR PATIENTS UNABLE TO AFFORD THE COST
900656139,2023,SCHOLARSHIPS,418,9006803,,,
900656139,2023,TUITION REDUCTION - VARIOUS RECIPIENTS,0,1966942,,,
210650678,2023,FEDERAL SUPPLEMENTAL EDUCATIONAL OPPORTUNITY GRANT PROGRAM,829,394941,0,,
210650678,2023,FEDERAL AMERICORPS EDUCATION AWARDS,3,4379,0,,
210650678,2023,FEDERAL STUDENT SUPPORT SERVICES PROGRAM,32,43262,0,,
210650678,2023,NJ EDUCATIONAL OPPORTUNITY FUND,164,650640,0,,
210650678,2023,NJ HESAA STUDENT TEACHER STIPEND,82,246000,0,,
210650678,2023,RESTRICTED AID USED FOR SCHOLARSHIPS,600,4000356,0,,
210650678,2023,"RIDER UNIVERSITY ATHLETIC, MERIT, AND NEED-BASED FINANCIAL AID",3110,66636549,0,,
370813229,2023,SCHOLARSHIPS,109,332732,0,N/A,N/A
954523231,2023,2023 SUPPORT FOR FUNDERS FOR MATERNAL MENTAL HEALTH,1,3000,,,
954523231,2023,2023-2025 CHCF HEALTH POLICY POLL: PRIMARY WRITER,1,57440,,,
954523231,2023,AB890: SAFETY NET EDUCATION AND INFORMATION GATHERING,1,14188,,,
954523231,2023,ADVANCING THE ALIGNMENT OF STATE HOUSING ACTIVITIES WITH HEALTH CARE OPPORTUNITIES,1,19290,,,
954523231,2023,ADVANCING THE NURSE PRACTITIONER WORKFORCE IN CALIFORNIA AB890,1,9225,,,
954523231,2023,ADVISORY SUPPORT FOR TELEHEALTH SUMMATIVE EVALUATION,2,2000,,,
954523231,2023,ALMANAC QUALITY METRICS UPDATE 2022-2024,1,21874,,,
954523231,2023,ANALYSIS OF BEHAVIORAL HEALTH BEDS AND HOUSING,1,67500,,,
954523231,2023,AUDIO/VISUAL STORYTELLING PEOPLE EXPERIENCING HOMELESSNESS,2,16685,,,
954523231,2023,"BLACK MEN AND HEALTH CARE ENGAGEMENT, OP-ED PIECE",1,3000,,,
954523231,2023,CALAIM SHARE AND LEARNING CONVENING,1,4066,,,
954523231,2023,CALIFORNIA DEPARTMENT OF HEALTH CARE SERVICES COMMUNICATIONS: CROSS PROJECT LEARNING,1,27778,,,
954523231,2023,CALIFORNIA TELEHEALTH COALITION SUSTAINABILITY,1,38971,,,
954523231,2023,"CALIFORNIA WIDE UNIVERSITY OF CALIFORNIA HEALTH, EQUITY, ACTION AND LEADERSHIP (UC HEAL) HUB DESIGN PHASE",1,28500,,,
954523231,2023,CAPACITY BUILDING FOR CALIFORNIA MEDICAL SCHOLARS PROGRAM,1,5000,,,
954523231,2023,CASE STUDY DESCRIBING THE UC DAVIS HEALTH & PARTNERING HEALTH CENTERS MODEL FOR SPECIALTY CARE,1,19850,,,
954523231,2023,CHCF BIRTH EQUITY ADVISORY GROUP 2023,3,5565,,,
954523231,2023,"CHCF BIRTH EQUITY ADVISORY GROUP, 2022 AND 2023",1,3403,,,
954523231,2023,CHCF INNOVATION FUND 2023 SUBJECT MATTER EXPERTS,7,17500,,,
954523231,2023,"CHCF MATERNAL HEALTH, MATERNAL MENTAL HEALTH AND WORKFORCE BLOG SERIES",1,3375,,,
954523231,2023,COMMUNICATIONS STRATEGIC SUPPORT FOR HOMELESSNESS AND HEALTH CARE,1,5900,,,
954523231,2023,COMMUNITY HEALTH WORKER & PROMOTOR WORKFORCE CBC: EDITING AND COMMUNICATIONS SUPPORT,1,32900,,,
954523231,2023,COMMUNITY HEALTH WORKERS AND PROMOTORES DE SALUD: UNDERSTANDING STAKEHOLDER NEEDS IN AN EMERGING POLICY ENVIRONMENT,1,48675,,,
954523231,2023,COMMUNITY SUPPORTS UTILIZATION: AMPLIFYING BRIGHT SPOTS,1,3600,,,
954523231,2023,CONSULTATION TO STATEWIDE ANALYSIS OF END-OF-LIFE METRICS AMONG MEDI-CAL DECEDENTS,2,4380,,,
954523231,2023,"CULTIVATING ALIGNMENT AND SHARED UNDERSTANDING: DOULAS, CHW/P/RS, AND BEHAVIORAL HEALTH PEERS",1,8800,,,
954523231,2023,DISSEMINATION SUPPORT FOR EQUITY IN CALAIM PUBLICATION,1,700,,,
954523231,2023,DRIP ESPRESSO TOWN HALL,1,7000,,,
954523231,2023,ELIGIBILITY AND ENROLLMENT PROJECT MANAGEMENT: 2023,1,108990,,,
954523231,2023,ENHANCED CARE MANAGEMENT POPULATIONS IN LOS ANGELES: CHARTBOOK,1,7525,,,
954523231,2023,"ENVIRONMENTAL DASHBOARD, FY22-23",1,4375,,,
954523231,2023,ESTABLISHING THE POPULATION HEALTH MANAGEMENT LEARNING CENTER,1,165000,,,
954523231,2023,EVALUATION DESIGN FOR THE KAISER POPULATION HEALTH MANAGEMENT INITIATIVE,1,12300,,,
954523231,2023,FACILITATION SUPPORT FOR HCAI HOSPITAL EQUITY MEASURES ADVISORY COMMITTEE,1,11700,,,
954523231,2023,HEALTH CARE COSTS 101 AND CALIFORNIA HEALTH CARE COSTS,1,9188,,,
954523231,2023,HEALTH CARE PROGRAM FOR PLUG IN SOUTH LA NETWORK FOR BLACK AND BROWN FOUNDERS,1,15000,,,
954523231,2023,HEALTH CARE WORKFORCE COORDINATING COMMITTEE KICK-OFF,1,4456,,,
954523231,2023,HEALTH INSURERS UPDATE 2023,1,57225,,,
954523231,2023,HEALTH WORKFORCE INVESTMENT AND IMPACT TRACKING PROJECT,1,20119,,,
954523231,2023,"IMPROVING MEDI-CAL COMMUNICATIONS FOR AGED, BLIND, AND DISABLED ENROLLEES",1,85700,,,
954523231,2023,IMPROVING USABILITY OF MEDI-CAL ENROLLEE COMMUNICATIONS,1,20406,,,
954523231,2023,LA COUNTY HEALTH CARE LEADER ROUNDTABLES - PHASE 2,1,8000,,,
954523231,2023,LA COUNTY MANAGED CARE PLAN NEEDS ASSESSMENT SYNTHESIS,1,5733,,,
954523231,2023,LIMITED SERIES INNOVATION FUND PODCAST,1,55000,,,
954523231,2023,LISTENING TO BLACK CALIFORNIANS LGBTQIA+ ISSUE BRIEF,1,11300,,,
954523231,2023,LISTENING TO BLACK CALIFORNIANS PHASE II: ISSUE BRIEFS,1,34200,,,
954523231,2023,LISTENING TO BLACK CALIFORNIANS: WEBSITE LAUNCH & COMMUNITY EVENT EXECUTION,1,17250,,,
954523231,2023,LONG-TERM CARE REPORT UPDATE,1,32375,,,
954523231,2023,MATERNITY CARE IN CALIFORNIA 2023 UPDATE,1,17500,,,
954523231,2023,MEDICAID AND HOMELESSNESS POLICY CONSULTANT,1,14100,,,
954523231,2023,MEDI-CAL CONSUMER RESEARCH SUMMARY PAPER,1,8580,,,
954523231,2023,MEDI-CAL COVERAGE EXPANSION: DEVELOPING IMPACT RESEARCH,1,8150,,,
954523231,2023,MEDI-CAL EXPLAINED: FACT SHEETS,1,33425,,,
954523231,2023,MEDI-CAL PALLIATIVE CARE TARGETED HEALTH PLAN TECHNICAL ASSISTANCE,2,18856,,,
954523231,2023,MEETING SUPPORT: BIDDERS CALL FOR 'ADDRESSING ANTI-BLACK RACISM IN THE DELIVERY SYSTEM' REQUEST FOR PROPOSAL (RFP),1,2250,,,
954523231,2023,METHODOLOGY PLANNING: COMMUNITY SUPPORTS UTILIZATION IMPACT STUDY,1,750,,,
954523231,2023,ONE-DAY VIDEO SHOOT IN LONG BEACH,1,7650,,,
954523231,2023,OUTREACH FOR THE DIGNITY IN PREGNANCY AND CHILDBIRTH COURSE BRIEF SUMMARY,1,4063,,,
954523231,2023,PLANNING AND INITIAL DATA REVIEW: LISTENING TO BLACK CALIFORNIANS DATA ON OLDER ADULTS,1,2500,,,
954523231,2023,PLANNING FOR CULTIVATING OUTCOMES THROUGH EQUITY IN BEHAVIORAL TELEHEALTH VIDEOS,1,2500,,,
954523231,2023,PLANNING GRANT FOR AUDIO PROGRAMMING FOR INNOVATION FUND,1,3850,,,
954523231,2023,PLANNING GRANT: USING REAL-TIME HOSPITAL DATA AND ACUTE-TO-COMMUNITY HANDOFFS TO IMPROVE IDENTIFICATION AND ENGAGEMENT FOR ENHANCED CARE MANAGEMENT,1,60000,,,
954523231,2023,PLANNING PHASE: BUILDING CAPACITY OF SAFETY-NET PROVIDERS TO CARE FOR OLDER ADULTS,1,21150,,,
954523231,2023,PLANNING SUPPORT FOR IMPROVING ACCESS TO CARE: ADVANCING PRIMARY CARE,1,28488,,,
954523231,2023,PRIMARY CARE CAPITATION IN SELF-FUNDED ERISA PLANS IN CALIFORNIA: IMPLICATIONS FOR MULTI-PAYER ALIGNMENT,1,24400,,,
954523231,2023,PRIVATE EQUITY: CHALLENGES AND OPPORTUNITIES FOR STATE POLICYMAKERS,2,72700,,,
954523231,2023,PROCESS EVALUATION AND LESSONS LEARNED FROM COVERED CALIFORNIA FACILITATED ENROLLMENT IMPLEMENTATION (SB 260),1,20000,,,
954523231,2023,PROJECT MANAGEMENT FOR LISTENING TO BLACK CALIFORNIANS PHASE II,1,40775,,,
954523231,2023,PROJECT MANAGEMENT SUPPORT,1,4050,,,
954523231,2023,PROPOSAL REVIEW MANAGEMENT FOR P-7709,1,4900,,,
954523231,2023,RESEARCH & TECHNICAL ASSISTANCE: FINAL PUBLIC CHARGE RULE PHASE 2,1,2250,,,
954523231,2023,SACRAMENTO BRIEFINGS SUPPORT,1,100858,,,
954523231,2023,STRATEGIC AND SUSTAINABILITY PLANNING SUPPORT FOR CALIFORNIANS FOR THE ADVANCEMENT OF MIDWIFERY (CAM),1,44900,,,
954523231,2023,SUBJECT MATTER EXPERT FOR CALIFORNIAS PALLIATIVE CARE PROGRESS AND FUTURE PRIORITIES PROJECT,5,40776,,,
954523231,2023,SUBJECT MATTER EXPERT STIPEND - CALIFORNIA MEDI-CAL PHMI EVALUATION DESIGN,3,7500,,,
954523231,2023,SUBJECT MATTER EXPERTISE FOR TELEHEALTH INTERVIEWS,1,6000,,,
954523231,2023,TELEHEALTH EVIDENCE REVIEW EVENT SUPPORT,1,5063,,,
954523231,2023,TELEHEALTH EXPERIENCE INTERVIEWS PUBLICATION WRITING,1,20625,,,
954523231,2023,TELEHEALTH VIDEO SERIES,1,10004,,,
954523231,2023,"THE WEALTH OF CALIFORNIA HOSPITALS AND HEALTH SYSTEMS, FY22 UPDATE",2,12500,,,
954523231,2023,TRACKING AND REPORTING ON ENROLLMENT: WILSON ANALYTICS,1,23663,,,
954523231,2023,"TRENDS IN EMERGENCY DEPARTMENT UTILIZATION AND CAPACITY IN CALIFORNIA, 2011-2021",1,61600,,,
954523231,2023,TWO VIDEOS ON CULTIVATING OUTCOMES THROUGH EQUITY IN BEHAVIORAL TELEHEALTH,1,28000,,,
954523231,2023,"UNDERSTANDING HEALTH SYSTEMS COLLECTION AND USE OF RACE, ETHNICITY, LANGUAGE DATA",2,54075,,,
954523231,2023,"UNDERSTANDING HEALTH SYSTEMS COLLECTION AND USE OF RACE, ETHNICITY, LANGUAGE DATA: RESEARCH ASSOCIATE",1,3040,,,
954523231,2023,VIDEO CAPTURE FOR PALLIATIVE CARE PROGRESS AND FUTURE PATHWAYS PROJECT,1,1684,,,
954523231,2023,VIDEO EDITING FOR PALLIATIVE CARE PROGRESS AND FUTURE PATHWAYS PROJECT,1,19184,,,
954523231,2023,WEBINAR: HOW TO COMMUNICATE TO NEWLY ELIGIBLE IMMIGRANTS ABOUT MEDI-CAL IN 2024,1,5865,,,
954523231,2023,WRITING AND DEVELOPMENT OF NP AND MIDWIFERY REPORTS,1,13499,,,
616034815,2023,SCHOLARSHIPS,8,16000,,Other,SCHOLARSHIP FOR TUITION
135562401,2024,ECONOMIC ASSISTANCE,27,136405,,,
431634280,2024,EMERGENCY RELIEF,143,548784,0,,
131788491,2024,Guest Rooms,10583,715822,462428,FMV,Guest Rooms
131788491,2024,Transportation,7223,519346,,,
131788491,2024,Patient Support,2824,233996,123798,FMV,"Masks, Digital Therm., & Food"
271346553,2024,Specific Assist to Individuals,4,332386,,FMV,
821406555,2024,WPH SCHOOL OF NURSING SCHOLARSHIPS,56,102375,,N/A,N/A
821406555,2024,WPH MARY B. HARTLEY RN SCHOLARSHIP,2,20000,,N/A,N/A
821406555,2024,AHN SCHOLARSHIPS,14,46125,,N/A,N/A
821406555,2024,AGH ALUMNAE SCHOLARSHIPS,24,79378,,N/A,N/A
821406555,2024,AGH CHILDREN SCHOLARSHIPS,1,16000,,N/A,N/A
821406555,2024,AKMC SCHOOL OF NURSING SCHOLARSHIPS,1,5000,,N/A,N/A
237039405,2024,SCHOLARSHIPS,16150,25019679,,,
383952644,2024,SCHOLARSHIPS,557,4477451,,,
383952644,2024,MEDICAL STUDENT STIPENDS,686,3202797,,,
383952644,2024,RESEARCH GRANT SUBAWARDS,6,3863,,,
383952644,2024,CHARITABLE SUPPORT OF INDIVIDUALS,222,267607,,,
912153073,2024,SCHOLARSHIPS,237,9142341,,,
912153073,2024,FELLOWSHIPS,2156,119894213,,,
204560286,2024,EMERGING LEADERS FELLOWSHIP STIPEND,9,90000,,,
237014089,2024,CHARITABLE CONTRIBUTION,841,1983592,,,
237028846,2024,SCHOLARSHIPS,2796,1397771,0,,
912117699,2024,SCHOLARSHIPS,62,95710,,,
