FilerEIN,TaxYear,BusinessName,Address,City,StateCode,ZipCode,PaidInternalFunds,ContributionsReceivedAndDelivered,GroupEIN,BusinessNameLine2Txt
870409820,2018,ABBY LEE,5370 ELMORE RD,FRUITLAND,ID,83619,250,,,
870409820,2018,AGENBROAD FOR SENATE,3615 PORTLAND AVE,NAMPA,ID,83686,250,,,
870409820,2018,ANGELA ROMERO,1098 S EMERY ST,SLC,UT,84104,250,,,
870409820,2018,BEDKE FOR LEGISLATURE,PO BOX 89,OAKLEY,ID,83346,250,,,
870409820,2018,BLANKSMA FOR IDAHO,PO BOX 843,MOUNTAIN HOME,ID,83647,250,,,
870409820,2018,BRAD LITTLE FOR GOVERNOR,PO BOX 2664,BOISE,ID,83701,1000,,,
870409820,2018,BRADLEY M DAW,842 E 280 S,OREM,UT,84097,500,,,
870409820,2018,BRIAN ZEHNDER,6108 OAK CANYON DR,SLC,UT,84121,500,,,
870409820,2018,BRITT RAYBOULD,PO BOX 653,REXBURG,ID,83440,150,,,
870409820,2018,BRYAN ZOLLINGER,594 J STREET,IDAHO FALLS,ID,83402,250,,,
870409820,2018,CAMPAIGN TO ELECT KARIANNE LISONBEE,4334 W 1700 S,SYRACUSE,UT,84075,500,,,
870409820,2018,CAROL S MOSS,2712 KELLY LN,HOLLADAY,UT,84117,500,,,
870409820,2018,CLARK KAUFFMAN,3791 N 2100 E,FILER,ID,83328,200,,,
870409820,2018,COMMITTEE TO ELECT BRAD WILSON,1423 W WHISPERING MEADOW,KAYSVILLE,UT,84037,1000,,,
870409820,2018,COMMITTEE TO ELECT CHUCK WINDER,5528 N EBBETTS AVE,BOISE,ID,83713,500,,,
870409820,2018,COMMITTEE TO ELECT CRAIG HALL,3428 HARRISONWOOD DR,WEST VALLEY,UT,84119,1000,,,
870409820,2018,COMMITTEE TO ELECT CURT BRAMBLE,3663 N 870 E,PROVO,UT,84604,1500,,,
870409820,2018,COMMITTEE TO ELECT DAN HEMMERT,1115 E 965 N,OREM,UT,84097,1000,,,
870409820,2018,COMMITTEE TO ELECT ERIC HUTCHINGS,5438 W STONYRIDGE CIR,KEARNS,UT,84118,500,,,
870409820,2018,COMMITTEE TO ELECT GENE DAVIS,865 PARKWAY AVE,SLC,UT,84106,1000,,,
870409820,2018,COMMITTEE TO ELECT JAKE ANDEREGG,788 S 2575 W,LEHI,UT,84043,1000,,,
870409820,2018,COMMITTEE TO ELECT JAROM WAGONER,11846 LINDEN RD,CALDWELL,ID,83605,250,,,
870409820,2018,COMMITTEE TO ELECT JEFFERSON MOSS,1668 NORTH ASPEN CIR,SARATOGA SPRINGS,UT,84045,500,,,
870409820,2018,COMMITTEE TO ELECT JEN DAILEY-PROVOST,812 N SANDHURST DR,SLC,UT,84103,500,,,
870409820,2018,COMMITTEE TO ELECT MIKE MOYLE,480 N PLUMMER RD,STAR,ID,83669,250,,,
870409820,2018,COMMITTEE TO ELECT STUART ADAMS,3271 E 1875 N,LAYTON,UT,84040,1500,,,
870409820,2018,COMMITTEE TO ELECT TODD WEILER,1248 W 1900 S,WOODS CROSS,UT,84087,1000,,,
870409820,2018,COMMITTEE TO ELECT WENDY HORMAN,1860 HEATHER CIR,AMMON,ID,83406,250,,,
870409820,2018,COMMITTEE TO REELECT REPRESENTATIVE FRED WOOD,PO BOX 1207,BURLEY,ID,83318,250,,,
870409820,2018,DAVID G BUXTON FOR SENATE,4162 S 2340 W,ROY,UT,84067,500,,,
870409820,2018,DAVID HINKINS SENATE CAMPAIGN,225 W 500 S,ORANGEVILLE,UT,84537,1000,,,
870409820,2018,DAVID NIELSON SUNDWALL,4948 S 1021 E,SLC,UT,84117,250,,,
870409820,2018,ELECT MIKE SCHULTZ LLC,1798 W 5150 S STE 103,ROY,UT,84067,500,,,
870409820,2018,ERPELDING FOR DISTRICT 19,PO BOX 1697,BOISE,ID,83701,250,,,
870409820,2018,ESCAMILLA FOR SENATE,1004 N MORTON DR,SLC,UT,84116,500,,,
870409820,2018,FRANCIS GIBSON CAMPAIGN,208 S 680 W,MAPLETON,UT,84664,1500,,,
870409820,2018,FRED MARTIN,3672 N TUMBLEWEED PL,BOISE,ID,83713,450,,,
870409820,2018,FRIENDS OF JOHN KNOTWELL,5328 W SHOOTERS RIDGE CIR,HERRIMAN,UT,84096,1000,,,
870409820,2018,FRIENDS OF MIKE WINDER,4400 W 4100 S,WEST VALLEY CITY,UT,84120,500,,,
870409820,2018,FRIENDS OF TIMOTHY HAWKES,443 S 223 E,CENTERVILLE,UT,84014,500,,,
870409820,2018,GARY COLLINS,2019 E MASSACHUSETTS,NAMPA,ID,83686,200,,,
870409820,2018,GOVERNORS LEADERSHIP PAC,5842 S FONTAINE BLEU CIR,SLC,UT,84121,10000,,,
870409820,2018,JAMES KEITH GUTHRIE JR,PO BOX 12,INKOM,ID,83245,450,,,
870409820,2018,JAMES S ADDIS,207 MILITARY DR,COEUR D ALENE,ID,83314,150,,,
870409820,2018,JANI IWAMOTO,2550 E OLYMPUS DR,SLC,UT,84124,500,,,
870409820,2018,JANIE WARD-ENGELKING,3578 S CROSSPOINT AVE,BOISE,ID,83706,250,,,
870409820,2018,JASON A MONKS,3865 BLACKCAT RD,NAMPA,ID,83687,200,,,
870409820,2018,JERRY STEVENSON CAMPAIGN ACCOUNT,466 S 1700 W,LAYTON,UT,84041,1000,,,
870409820,2018,JIM DUNNIGAN CAMPAIGN,3105 W 5400 S NO 6,SLC,UT,84129,2000,269,,
870409820,2018,JIM PATRICK,2231 E 3200 N,TWIN FALLS,ID,83301,200,,,
870409820,2018,JULIE VANORDEN FOR IDAHO HOUSE,425 S 1100 W,PINGREE,ID,83262,250,,,
870409820,2018,KEN IVORY CAMPAIGN,8393 S 2010 W,WEST JORDAN,UT,84088,500,,,
870409820,2018,LAKEY FOR SENATE CAMPAIGN FUND,34 S BINGHAM ST,NAMPA,ID,83651,250,,,
870409820,2018,LAURA M LICKLEY,445 E 400 S,JEROME,ID,83338,150,,,
870409820,2018,LEE HEIDER,1631 RICHMOND DR,TWIN FALLS,ID,83301,500,,,
870409820,2018,LINDA WRIGHT HARTGEN,1681 WILDFLOWER LN,TWIN FALLS,ID,83301,150,,,
870409820,2018,MARK HARRIS,1619 EIGHT MILE CREEK RD,SODA SPRINGS,ID,83276,250,,,
870409820,2018,MARY SOUZA FOR IDAHO,PO BOX 2223,COEUR D ALENE,ID,83816,250,,,
870409820,2018,NORMAN THURSTON COMMITTEE TO ELECT,965 E CENTER ST,PROVO,UT,84606,500,,,
870409820,2018,NORTHERN UTAH LEGISLATIVE PAC,4287 HARRISON BLVD NO 313,OGDEN,UT,84403,10000,,,
870409820,2018,PAUL AMADOR,333 W VISTA DR,COEUR D ALENE,ID,83815,200,,,
870409820,2018,REX P SHIPP,749 ST JAMES PLACE,CEDAR CTIY,UT,84720,500,,,
870409820,2018,SAGE DIXON FOR STATE REPRESENTATIVE,PO BOX 206,PONDERAY,ID,83852,250,,,
870409820,2018,SALT LAKE COUNTY LEGISLATIVE PAC,6352 CITY VISTAS WAY,WEST VALLEY CITY,UT,84128,500,,,
870409820,2018,SCOTT SYME,17498 ALLENDALE RD,WILDER,ID,83676,100,,,
870409820,2018,SENATOR KAREN MAYNE,5044 BANNOCK CIR,WEST VALLEY CITY,UT,84120,1500,,,
870409820,2018,UTAH HOUSE DEMOCRATIC LEADERSHIP COUNCIL,PO BOX 155,SLC,UT,84101,500,,,
870409820,2018,UTAH REPUBLICAN HOUSE ELECTION COMMITTEE,117 E SOUTH TEMPLE,SLC,UT,84111,2500,,,
870409820,2018,UTAH REPUBLICAN SENATE CAMPAIGN COMMITTEE,1584 LOCUST LN,PROVO,UT,84604,3500,,,
461457252,2017,FL REPUBLICAN SENATORIAL,2640-A MITCHAM DR,TALLAHASSEE,FL,32301,100000,,472058962,
461457252,2017,HOUSE MAJORITY,420 E JEFFERSON ST,TALLAHASSEE,FL,32301,50000,,590683241,
461457252,2017,HOUSE VICTORY FLORIDA DEMOCRATIC PARTY,214 SOUTH BRONOUGH STREET,TALLAHASSEE,FL,32301,15000,,590772903,
461457252,2017,SENATE VICTORY FLORIDA DEMOCRATIC PARTY,214 SOUTH BRONOUGH STREET,TALLAHASSEE,FL,32301,10000,,590772903,
461457252,2017,FLORIDIANS FOR OPPORTUNITY,801 SOUTH BROAD ST,BROOKSVILLE,FL,34601,6000,,471463119,
461457252,2017,FLORIDA DEMOCRATIC LEGISLATIVE CAMPAIGN COMMITTEE,PO BOX 1701,TALLAHASSEE,FL,32302,5000,,815009959,
461457252,2017,ASHLEY MOODY CAMPAIGN,301 W PLATT ST STE 653,TAMPA,FL,33606,3000,,821722801,
461457252,2017,BUILDING ON YOUR DREAMS,133 S HARBOR DR,VENICE,FL,34285,2500,,464865807,
461457252,2017,ANNETTE TADDEO FOR STATE SENATE,2929 SW 3 AVE STE 220,MIAMI,FL,33129,1000,,,
461457252,2017,KEITH PERRY CAMPAIGN,PO BOX 12112,GAINSVILLE,FL,32604,1000,,800425418,
461457252,2017,LAUREN BOOK CAMPAIGN,8201 PETERS ROAD STE 1000,PLANTATION,FL,33324,1000,,474942751,
461457252,2017,CHRIS SPROWLS CAMPAIGN,PO BOX 284,TARPON SPRINGS,FL,34688,1000,,454633068,
461457252,2017,FOR A BETTER FLORIDA,133 S HARBOR DR,VENICE,FL,34285,1000,,463495979,
461457252,2017,JEFF BRANDES FOR STATE SENATE,9800 4TH STREET NORTH STE 200,ST PETERSBURG,FL,33702,1000,,455394887,
461457252,2017,LIMITED GOVERNMENT FOR A STRONGER FLORIDA,133 S HARBOR DR,VENICE,FL,34285,1000,,,
461457252,2017,PAUL RENNER CAMPAIGN,2640-A MITCHAM DR,TALLAHASSEE,FL,32308,1000,,463136118,
461457252,2017,ROBERT BOBBY OLSZEWSKI,1130 COPENHAGEN WAY,WINTER GARDEN,FL,34787,1000,,822655842,
461457252,2017,BEN DIAMOND CAMPAIGN 2018,PO BOX 76234,ST PETERSBURG,FL,33734,500,,820632216,
461457252,2017,COMMITTEE TO ELECT A REPUBLICAN SENATE,PO BOX 2741,MADISON,WI,53701,500,,391517505,
461457252,2017,ED HOOPER FOR STATE SENATE,PO BOX 4268,CLEARWATER,FL,33758,500,,822239908,
461457252,2017,HOLLY RASCHEIN CAMPAIGN,PO BOX 372201,KEY LARGO,FL,33037,500,,462032982,
461457252,2017,KRISTIN D JACOBS CAMPAIGN,4314 ACACIA CIRCLE,COCONUT CREEK,FL,33066,500,,830655811,
461457252,2017,RENE PLASENCIA CAMPAIGN,3564 AVALON PARK BLVD E STE 1,ORLANDO,FL,32828,500,,,
461457252,2017,REPUBLICAN ASSEMBLY CAMPAIGN COMMITTEE,148 E JOHNSON ST,MADISON,WI,53703,500,,590683241,
461457252,2017,SCOTT PLAKON CAMPAIGN,1718 ASTOR FARMS PLACE,SANFORD,FL,32771,500,,263299835,
461457252,2017,SHAWN HARRISON CAMPAIGN,18136 LONGWATER RUN DR,TAMPA,FL,33647,500,,462660494,
461457252,2017,STATE SENATE DEMOCRATIC COMMITTEE,PO BOX 164,MADISON,WI,53701,300,,391381723,
461457252,2017,ASSEMBLY DEMOCRATIC CAMPAIGN COMMITTEE,PO BOX 814,MADISON,WI,53701,200,,391269354,
480876205,2017,KANSANS FOR QUALITY MENTAL HEALTH SRVCS PAC,11116 SLOAN AVENUE,KANSAS CITY,KS,66109,9000,,320212503,
530116130,2019,REPUBLICAN ATTORNEYS GENERAL ASSOCIATION,1747 PENNSYLVANIA AVE NW STE 800,WASHINGTON,DC,20006,90000,0,464501717,
530116130,2019,REPUBLICAN GOVERNORS ASSOCIATION,1747 PENNSYLVANIA AVE NW STE 250,WASHINGTON,DC,20006,145000,0,113655877,
530116130,2019,NRA POLITICAL VICTORY FUND (SEE PARTS I-A AND IV),11250 WAPLES MILL RD,FAIRFAX,VA,22030,0,3952,521083020,
133539048,2019,Democratic Governors,1225 Eye Street NW,Washington,DC,20005,100000,,521304889,Association
133539048,2019,LGBTQ Victory Fund,1225 Eye Street NW,washington,DC,20005,10000,,521729701,
133539048,2019,Run for Something,POBox 75357,Washington,DC,20013,10000,,815222116,PAC
133539048,2019,Progressive Change,1639 K Street Ste 300,Washington,DC,20006,10000,,263881408,campaign committee
540844477,2019,AIRD FOR DELEGATE,PO BOX 3943,PETERSBURG,VA,23805,250,,,
540844477,2019,AYALA FOR DELEGATE,PO BOX 7434,WOODBRIDGE,VA,22195,250,,,
540844477,2019,BAGBY FOR DELEGATE,PO BOX 406,RICHMOND,VA,23218,750,,,
540844477,2019,BARKER FOR SENATE,PO BOX 10527,ALEXANDRIA,VA,22310,250,,,
540844477,2019,BELL FOR DELEGATE,2309 FINCH COURT,CHARLOTTESVILLE,VA,22911,250,,,
540844477,2019,BOURNE FOR DELEGATE,PO BOX 406,RICHMOND,VA,23218,250,,,
540844477,2019,DEEDS FOR STATE SENATE,PO BOX 5462,CHARLOTTESVILLE,VA,22905,250,,,
540844477,2019,DUNNAVANT FOR SENATE,PO BOX 70849,HENRICO,VA,23255,250,,,
540844477,2019,EBBIN FOR VIRGINIA,PO BOX 26415,ALEXANDRIA,VA,22313,250,,,
540844477,2019,EDWARDS FOR SENATE,PO BOX 1179,ROANOKE,VA,240061179,500,,,
540844477,2019,EILEEN FILLER-CORN FOR DELEGATE,PO BOX 523082,SPRINGFIELD,VA,22152,250,,,
540844477,2019,EILEEN FILLER-CORN FOR DELEGATE,PO BOX 523082,SPRINGFIELD,VA,22152,2250,,,
540844477,2019,ELECT CHRIS HEAD,PO BOX 19130,ROANOKE,VA,24019,500,,,
540844477,2019,FRIENDS OF DAVID BULOVA,PO BOX 106,FAIRFAX STATTION,VA,22039,250,,,
540844477,2019,FRIENDS OF DAVID YANCEY,PO BOX 1163,NEWPORT NEWS,VA,23601,250,,,
540844477,2019,FRIENDS OF JANET HOWELL,PO BOX 2608,RESTON,VA,20195,250,,,
540844477,2019,FRIENDS OF JAY JONES,PO BOX 2892,NORFOLK,VA,23501,250,,,
540844477,2019,FRIENDS OF MARK OBENSHAIN,2717 MALLARDS COURT,RICHMOND,VA,23233,250,,,
540844477,2019,FRIENDS OF DR TODD PILLION,851 FRENCH MOORE JR BLVD STE 178,ABINGDON,VA,24210,250,,,
540844477,2019,FRIENDS OF JENNIFER MCCLELLAN,PO BOX 47,RICHMOND,VA,23187,250,,,
540844477,2019,FRIENDS OF MARCUS SIMON,PO BOX 958,FALLS CHURCH,VA,22040,250,,,
540844477,2019,FRIENDS OF MONTY MASON,PO BOX 232,WILLIAMSBURG,VA,23187,250,,,
540844477,2019,FRIENDS OF TOMMY NORMENT,PO BOX 6205,WILLIAMSBURG,VA,23188,500,,,
540844477,2019,GILBERT FOR DELEGATE,PO BOX 309,WOODSTOCK,VA,22664,500,,,
540844477,2019,HANGER FOR SENATE,PO BOX 2,MOUNT SOLON,VA,228430002,250,,,
540844477,2019,HAYES FOR DELEGATE,PO BOX 5142,CHESAPEAKE,VA,23324,250,,,
540844477,2019,HERETICK FOR DELEGATE,715 LOUDON AVENUE,PORTSMOUTH,VA,23707,250,,,
540844477,2019,HERRING FOR DELEGATE,PO BOX 11779,ALEXANDRIA,VA,22312,500,,,
540844477,2019,HOPE FOR DELEGATE,PO BOX 3148,ARLINGTON,VA,22203,250,,,
540844477,2019,HURST FOR DELEGATE,PO BOX 11389,BLACKSBURG,VA,24062,250,,,
540844477,2019,JENNIFER CARROLL FOY FOR DELEGATE,PO BOX 5113,WOODBRIDGE,VA,22194,250,,,
540844477,2019,KARRIE DELANEY FOR DELEGATE,PO BOX 230542,CENTREVILLE,VA,20120,250,,,
540844477,2019,KEAM FOR DELEGATE,PO BOX 1134,VIENNA,VA,22183,250,,,
540844477,2019,MAJORITY LEADER PAC,PO BOX 309,WOODSTOCK,VA,22664,250,,,
540844477,2019,KIRK COX PAYABLE TO COLONIAL LEADERSHIP TRUST,PO BOX 71596,HENRICO,VA,23255,5000,,,
540844477,2019,MAJORITY LEADER PAC (FOR REP KIRK COX),PO BOX 1205,COLONIAL HEIGHTS,VA,23834,1500,,,
540844477,2019,KRIZEK FOR DELEGATE,2201 WHITEOAKS DRIVE,ALEXANDRIA,VA,22306,250,,,
540844477,2019,LEE WARE FOR DELEGATE,9912 HOLLAND MEADOWS COURT,FREDERICKSBURG,VA,22408,250,,,
540844477,2019,LEFTWICH FOR DELEGATE,308 CEDAR LAKES DRIVE 3RD FL,CHESAPEAKE,VA,23322,500,,,
540844477,2019,LEWIS FOR SENATE (LYNWOOD),PO BOX 760,ACCOMAC,VA,23301,250,,,
540844477,2019,LINDSEY FOR DELEGATE,500 EAST PLUME STREET STE 105,NORFOLK,VA,23510,250,,,
540844477,2019,LOCKE FOR SENATE,PO BOX 9048,KAMPTON,VA,23670,500,,,
540844477,2019,LOPEZ FOR DELEGATE,PO BOX 40366,ARLINGTON,VA,22204,250,,,
540844477,2019,LUCAS FOR SENATE,PO BOX 700,PORTSMOUTH,VA,237050700,250,,,
540844477,2019,MARSDEN FOR SENATE,PO BOX 10889,BURKE,VA,22009,250,,,
540844477,2019,MCGUIRE FOR DELEGATE,11375 NUCKOLS RD 156,GLEN ALLEN,VA,23059,250,,,
540844477,2019,MCNAMARA FOR DELEGATE,PO BOX 21094,ROANOKE,VA,24018,250,,,
540844477,2019,MCPIKE FOR SENATE,PO BOX 2819,WOODBRIDGE,VA,22195,250,,,
540844477,2019,MCQUINN FOR DELEGATE,PO BOX 406,RICHMOND,VA,23218,250,,,
540844477,2019,MULLIN FOR DELEGATE,566 DENBIGH BLVD STE C,NEWPORT NEWS,VA,23608,250,,,
540844477,2019,NEWMAN FOR SENATE,PO BOX 480,FOREST,VA,24551,250,,,
540844477,2019,PETERSEN FOR SENATE,PO BOX 1066,FAIRFAX,VA,22038,250,,,
540844477,2019,PRICE FOR DELEGATE,PO BOX 196,NEWPORT NEWS,VA,23607,250,,,
540844477,2019,RANSONE FOR DELEGATE,PO BOX 358,KINSALE,VA,22488,250,,,
540844477,2019,RASOUL FOR DELEGATE,PO BOX 13842,ROANOKE,VA,24037,250,,,
540844477,2019,REID FOR DELEGATE,PO BOX 4132,ASHBURN,VA,20148,250,,,
540844477,2019,ROSLYN TYLER FOR HOUSE OF DELEGATES,25359 BLUE STAR HWY,JARRATT,VA,23867,250,,,
540844477,2019,RUSH FOR DELEGATE,PO BOX 1591,CHRISTIANSBURG,VA,24068,250,,,
540844477,2019,RYAN MCDOUGLE FOR SENATE,PO BOX 187,MECHANICSVILLE,VA,23111,250,,,
540844477,2019,SASLAW FOR SENATE,PO BOX 1856,SPRINGFIELD,VA,221510856,1000,,,
540844477,2019,SICKLES FOR DELEGATE,PO BOX 10628,FRANCONIA,VA,22310,500,,,
540844477,2019,SPRUILL FOR DELEGATE,PO BOX 5403,CHESAPEAKE,VA,23324,250,,,
540844477,2019,STUART FOR SENATE,PO BOX 1146,MONTROSS,VA,22520,1000,,,
540844477,2019,SUETTERLEIN FOR SENATE,PO BOX 20237,ROANOKE,VA,24018,250,,,
540844477,2019,SULLIVAN FOR DELEGATE,PO BOX 50753,ARLINGTON,VA,22205,250,,,
540844477,2019,SUROVELL FOR SENATE,PO BOX 289,MOUNT VERNON,VA,22121,500,,,
540844477,2019,TERRY KILGORE FOR DELEGATE,PO BOX 669,GATE CITY,VA,24251,790,,,
540844477,2019,TORIAN FOR DELEGATE,4222 FORTUNA PLAZA STE 659,DUMFRIES,VA,22025,500,,,
540844477,2019,VANVALKENBURG SCHUYLER,PO BOX 28782,RICHMOND,VA,23228,250,,,
540844477,2019,WARD FOR DELEGATE,PO BOX 7310,HAMPTON,VA,23666,1000,,,
941153307,2020,THE SIERRA CLUB VOTER EDUCATION FUND,2101 WEBSTER STREET SUITE 1300,OAKLAND,CA,94612,,294000,943244759,
941153307,2020,NORTH STAR CHAPTER SIERRA CLUB POLITICAL COMMITTEE,2327 E FRANKLIN AVE SUITE 1,MINNEAPOLIS,MN,55406,149000,,020566571,
941153307,2020,SIERRA CLUB INDEPENDENT ACTION,2101 WEBSTER STREET SUITE 1300,OAKLAND,CA,94612,3474000,,272585981,
941153307,2020,PATRIOT MAJORITY NEW MEXICO,PO BOX 35522,WASHINGTON,DC,20033,75000,,203985568,
941153307,2020,BETTER FUTURE FOR NEW MEXICO,PO BOX 20851,ALBUQUERQUE,NM,87154,20000,,824939302,
941153307,2020,MISSISSIPPI SIERRA CLUB PAC,921 N CONGRESS STREET,JACKSON,MS,39202,12500,,454833193,
941153307,2020,SIERRA CLUB SMALL DONOR COMMITTEE,1536 WYNKOOP STREET SUITE 200,DENVER,CO,80202,35000,,824800273,
530116130,2020,REPUBLICAN ATTORNEYS GENERAL ASSOCIATION,1747 PENNSYLVANIA AVE NW STE 800,WASHINGTON,DC,20006,100000,0,464501717,
530116130,2020,REPUBLICAN GOVERNORS ASSOCIATION,1747 PENNSYLVANIA AVE NW STE 250,WASHINGTON,DC,20006,130000,0,113655877,
530116130,2020,NRA POLITICAL VICTORY FUND (SEE PARTS I-A AND IV),11250 WAPLES MILL RD,FAIRFAX,VA,22030,0,31794,521083020,
530116130,2020,NRA VICTORY FUND,11250 WAPLES MILL RD,FAIRFAX,VA,22030,0,5000,844953921,
208802884,2020,A STRONG NEW MEXICO PAC,PO BOX 7553,ALBUQUERQUE,NM,87794,5000,,465473431,
208802884,2020,ALLISON HEIMES FOR LEGISLATURE,1410 NORTH 208TH STREET,ELKHORN,NE,68022,500,,999999999,
208802884,2020,AMY BRADLEY FOR NH STATE REPRESENTATIVE,895 BRIDGE STREET,MANCHESTER,NH,03104,350,,999999999,
208802884,2020,ANGELA4KS,19769 W 107TH STREET,OLATHE,KS,66061,500,,821675747,
208802884,2020,ARIZONA DEMOCRATIC PARTY,2910 N CENTRAL AVE,PHOENIX,AZ,85012,50000,,860125308,
208802884,2020,BETTER COLORADO ALLIANCE,PO BOX 100033,DENVER,CO,80250,50000,,832505764,
208802884,2020,BLUE HORIZON PAC,PO BOX 60221,OKLAHOMA CITY,OK,73146,5000,,842920896,
208802884,2020,BRENDA MCKENNA FOR SENATE DISTRICT 9,860 ALAMOS RD,CORRALES,NM,87048,5000,,845132589,
208802884,2020,BRIAN EGOLF SPEAKER FUND,PO BOX 27066,ALBUQUERQUE,NM,87125,25000,,821094444,
208802884,2020,CAMPAIGN TO ELECT ANNE ALLEN WESTBROOK,134 EAST 45TH STREET,SAVANNAH,GA,31405,1000,,845035746,
208802884,2020,CAMPAIGN TO ELECT JULIA RATTI,PO BOX 4228,SPARKS,NV,89432,5000,,870803736,
208802884,2020,CAMPAIGN TO ELECT MELANIE LEVESQUE NH STATE SENATE,2 MCDANIELS DRIVE,BROOKLINE,NH,03033,2000,,823969924,
208802884,2020,COMMITTEE FOR A STRONGER GEORGIA,20 TENNESSEE STREET,RINGGOLD,GA,30736,10000,,851267686,
208802884,2020,COMMITTEE TO ELECT BETHANY HALL-LONG,127 SAINT AUGUSTINE COURT,MIDDLETOWN,DE,19709,1000,,510397756,
208802884,2020,COMMITTEE TO ELECT BRIAN EGOLF,123 SAN FRANCISCO STREET 2ND FLOOR,SANTA FE,NM,87501,5000,,208019717,
208802884,2020,COMMITTEE TO ELECT DAVID BENTZ,7 DASHER AVENUE,BEAR,DE,19701,600,,474582170,
208802884,2020,COMMITTEE TO ELECT DAVID WATTERS,19 MAPLE STREET,DOVER,NH,03820,2000,,262910228,
208802884,2020,COMMITTEE TO ELECT DEBBIE HARRINGTON,745 IDLEWYLD DRIVE,MIDDLETOWN,DE,19709,600,,824022338,
208802884,2020,COMMITTEE TO ELECT HOLSCHER,12345 WESTGATE STREET,OVERLAND PARK,KS,66213,500,,842554053,
208802884,2020,COMMITTEE TO ELECT HOUSE DEMOCRATS,PO BOX 1292,CONCORD,NH,03301,10000,,020162350,
208802884,2020,COMMITTEE TO ELECT JAVIER MARTINEZ,2955 MOYA ROAD NORTHWEST,ALBUQUERQUE,NM,87104,5000,,464936133,
208802884,2020,COMMITTEE TO ELECT KATY DUHIGG,6028 KENSINGTON DRIVE NORTHWEST,ALBUQUERQUE,NM,87107,5000,,843850830,
208802884,2020,COMMITTEE TO ELECT NEOMI FOR NM,PO BOX 894,LAS CRUCES,NM,88004,5000,,842210817,
208802884,2020,COMMITTEE TO ELECT PAM CORDOVA SENATE 30,PO BOX 94,BELEN,NM,87002,5000,,843193567,
208802884,2020,COMMITTEE TO ELECT PAUL BAUMBACH,313 DARWIN DRIVE,NEWARK,DE,19711,600,,455522563,
208802884,2020,COMMITTEE TO ELECT PETER WIRTH,708 PASEO DE PERALTA,SANTA FE,NM,87501,5000,,550890769,
208802884,2020,COMMITTEE TO ELECT RACHEL PRUSAK,PO BOX 42307,PORTLAND,OR,97242,1000,,824740359,
208802884,2020,COMMITTEE TO ELECT ROBIN SKUDLAREK,20 WOODBINE DRIVE,LONDONDERRY,NH,03053,350,,852694639,
208802884,2020,COMMITTEE TO ELECT SANDRA JAUREGUI,7582 LAS VEGAS BLVD SOUTH 118,LAS VEGAS,NV,89123,5000,,475675506,
208802884,2020,COMMITTEE TO ELECT STEVEN YEAGER,10120 W FLAMINGO RD STE 4162,LAS VEGAS,NV,89147,5000,,464680743,
208802884,2020,COMMITTEE TO ELECT WILLIAM P SOULES,5054 SILVER KING ROAD,LAS CRUCES,NM,88011,5000,,454989451,
208802884,2020,DEBBIE ARMSTONG FOR NEW MEXICO,2015 DIETZ PLACE NORTHWEST,ALBUQUERQUE,NM,87107,2500,,465422275,
208802884,2020,DEBRA ALTSCHILLER FOR STRATHAM,15 APPLE WAY,STRATHAM,NH,03885,350,,999999999,
208802884,2020,DEMOCRATIC MUNICIPAL OFFICALS,1774 W GREENLEAF AVE,CHICAGO,IL,60626,15000,,030393091,
208802884,2020,DEMOCRATIC STATE COMMITTEE (DELAWARE),PO BOX 2065,WILMINGTON,DE,19899,5000,,510119764,
208802884,2020,DONOVAN FOR VERMONT,PO BOX 1662,BURLINGTON,VT,05402,2000,,851059787,
208802884,2020,EFO LOUIS D GREENWALD FOR ASSEMBLY,2240-15 RT 70,CHERRY HILL,NJ,08002,600,,223565484,
208802884,2020,ELECT LUANN D'AGOSTINO,4 EATON PLACE,NEWARK,DE,19711,600,,844098219,
208802884,2020,EMERGE AMERICA,351 CALIFORNIA STREET SUITE 930,SAN FRANCISCO,CA,94104,5000,,900787684,
208802884,2020,EMPOWER NEW MEXICO,2955 MOYA ROAD NORTHWEST,ALBUQUERQUE,NM,87104,5000,,300888072,
208802884,2020,ENERGIZED FOR CHANGE PAC,PO BOX 523082,SPRINGFIELD,VA,22152,25000,,833777742,
208802884,2020,ESCALARA PAC,PO BOX 27654,ALBUQUERQUE,NM,87125,5000,,475072426,
208802884,2020,FRIENDS OF ETHAN CORSON,4061 WEST 62ND TERRACE,MISSION,KS,66205,500,,842532205,
208802884,2020,EVERYTOWN FOR GUN SAFETY VICTORY FUND,PO BOX 4184,NEW YORK,NY,10163,1000000,,813928802,
208802884,2020,FACTS MATTER PAC,2205 LOMBARD STREET,PHILADELPHIA,PA,19146,8000,,853212093,
208802884,2020,FAUST-GOUDEAU FOR SENATE,1130 N PARKWOOD LANE,WICHITA,KS,67208,500,,999999999,
208802884,2020,FEATHERSTON FOR KANSAS,PO BOX 13447,OVERLAND PARK,KS,66282,500,,843238850,
208802884,2020,FLORIDA DEMOCRATIC LEGISLATIVE CAMPAIGN COMMITTEE,2618 CENTENNIAL PLACE,TALLAHASSEE,FL,32308,50000,,815009959,
208802884,2020,FLORIDA DEMOCRATIC PARTY,214 S BRONOUGH STREET,TALLAHASSEE,FL,32301,10000,,590772903,
208802884,2020,FORWARD NEW MEXICO,508 MORNINGSIDE DRIVE SE,ALBUQUERQUE,NM,87106,5000,,455012276,
208802884,2020,FRIENDS FOR DEBRA HEFFERNAN,18 GRISTMILL COURT,WILMINGTON,DE,19803,600,,272120159,
208802884,2020,FRIENDS FOR JOHN CARNEY,PO BOX 2162,WILMINGTON,DE,19899,1000,,475070646,
208802884,2020,FRIENDS FOR STEPHANIE BARRY,5222 NEW KENT ROAD,WILMINGTON,DE,19808,600,,830945833,
208802884,2020,FRIENDS FOR YVANNA CANCELA,2807 GEARY PL UNIT 2506,LAS VEGAS,NV,89109,5000,,814619931,
208802884,2020,FRIENDS OF BECKY WHITELY,PO BOX 405,CANTOOCOOK,NH,03229,1000,,843537325,
208802884,2020,FRIENDS OF CAROL BLOOD,2812 JACK PINE STREET,BELLEVUE,NE,68123,500,,463940468,
208802884,2020,FRIENDS OF CHARON,39 WOOD HILL ROAD,PITTSFORD,NY,14534,1000,,843708613,
208802884,2020,FRIENDS OF CINDY ROSENWALD,101 WELLINGTON STREET,NASHUA,NH,03064,2000,,830627490,
208802884,2020,FRIENDS OF ERIC MORRISON,223 WEST GENERAL GREY COURT,NEWARK,DE,19702,600,,833855776,
208802884,2020,FRIENDS OF ERICA BEUMEL,1994 KLONDIKE RD,WEST LAFAYETTE,IN,47906,500,,999999999,
208802884,2020,FRIENDS OF FELTES,PO BOX 623,CONCORD,NH,03302,2000,,471093993,
208802884,2020,FRIENDS OF JAY KAHN,135 DARLING ROAD,KEENE,NH,03431,2000,,812863851,
208802884,2020,FRIENDS OF JON MORGAN,267 SOUTH ROAD,BRENTWOOD,NH,03833,2000,,822706647,
208802884,2020,FRIENDS OF KEVIN CAVANAUGH,368 TORY ROAD,MANCHESTER,NH,03104,2000,,821117722,
208802884,2020,FRIENDS OF KYLE EVANS GAY,2400 HEATHER ROAD WEST,WILMINGTON,DE,19803,600,,842602212,
208802884,2020,FRIENDS OF LISA REYNOLDS,PO BOX 42307,PORTLAND,OR,972420307,1000,,843261627,
208802884,2020,FRIENDS OF LIZ STEFANICS,P O BOX 720,CERRILLOS,NM,87010,5000,,475465917,
208802884,2020,FRIENDS OF MARIE PINKNEY,334 VICTORIA BLVD,NEWARK,DE,19702,600,,844070603,
208802884,2020,FRIENDS OF MARTHA PASCHKE,14 BROOKFIELD LANE,GENEVA,IL,60134,1000,,833201123,
208802884,2020,FRIENDS OF MAURA HIRSCHAUER,551 VIKING DRIVE,BATAVIA,IL,60510,1000,,843061452,
208802884,2020,FRIENDS OF NNAMDI CHUKWUOCHA,PO BOX 9350,WILMINGTON,DE,19809,600,,262519837,
208802884,2020,FRIENDS OF PHILIP SPAGNUOLO,58 WINTER STREET,LACONIA,NH,03246,2000,,834696915,
208802884,2020,FRIENDS OF RACHAEL KING,24 ROBIN WAY,MAGNOLIA,DE,19962,600,,851705321,
208802884,2020,PERKINS KWOKA FOR NEW HAMPSHIRE,37 LANGDON STREET,PORTSMOUTH,NH,03801,1000,,474679141,
208802884,2020,FRIENDS OF SARAH MCBRIDE,2316 WEST 17TH STREET,WILMINGTON,DE,19806,600,,842270392,
208802884,2020,FRIENDS OF SEAN LYNN,282 TROON ROAD,DOVER,DE,19904,600,,465222196,
208802884,2020,FRIENDS OF SHANNON CHANDLEY,3 HIGH MEADOW LANE,AMHERST,NH,03031,2000,,824779456,
208802884,2020,FRIENDS OF SUE PRENTISS,6 BATCHELDER AVENUE,WEST LEBANON,NH,03784,1000,,851225334,
208802884,2020,FRIENDS TO ELECT SCOTT HOTTENSTEIN,PO BOX 2328,RIVERVIEW,FL,33568,1000,,823222008,
208802884,2020,GERALD P ORTIZ Y PINO FOR STATE SENATE,400 12TH STREET NORTHWEST,ALBUQUERQUE,NM,87102,2500,,999999999,
208802884,2020,HOME MEANS NEVADA,401 SOUTH CURRY STREET,CARSON CITY,NV,89703,25000,,832554582,
208802884,2020,HOUSE DEMOCRATIC CAMPAIGN COMMITTEE - MO,3452 CRITTENDEN STREET,ST LOUIS,MO,63110,7500,,814882899,
208802884,2020,HOUSE DEMOCRATIC CAUCUS,425 5TH AVENUE NORTH SUITE 550,NASHVILLE,TN,37243,10000,,620911028,
208802884,2020,HOUSE DEMOCRATS PAC,PO BOX 9520,WILMINGTON,DE,19809,5000,,010564528,
208802884,2020,JEANNE DIETSCH FOR NH SENATE,43 PINE STREET,PETERBOROUGH,NH,03458,2000,,812363236,
208802884,2020,JEFF STEINBORN FOR SENATE,978 JASMINE DRIVE,LAS CRUCES,NM,88004,5000,,852706185,
208802884,2020,JERRY STOGSDILL COMMITTEE TO ELECT,4414 TOMAHAWK ROAD,PRAIRIE VILLAGE,KS,66208,500,,811604067,
208802884,2020,JO ELLA FOR KANSAS,PO BOX 14534,LENEXA,KS,66285,1000,,834595437,
208802884,2020,KANSAS FOR WARD SENATE,3100 E CLARK,WICHITA,KS,67211,500,,843040699,
208802884,2020,KATHY WOLFE MOORE FOR REPRESENTATIVE,3209 NORTH 131ST STREET,KANSAS CITY,KS,66109,500,,999999999,
208802884,2020,KATHERINE D ROGERS,804 ALTON WOODS DRIVE,CONCORD,NH,03301,350,,999999999,
208802884,2020,KATIE FOR KANSAS,14016 SOUTH TOMAHAWK DRIVE,OLATHE,KS,66062,500,,844359245,
208802884,2020,KRISTA GRIFFITH FOR DELAWARE,2207 CONCORD PIKE 119,WILMINGTON,DE,19803,600,,823133029,
208802884,2020,LARRY LAMBERT FOR STATE REPRESENTATIVE,18 YALE AVENUE,CLAYMONT,DE,19703,600,,825248753,
208802884,2020,LEADING COLORADO FORWARD,PO BOX 102766,DENVER,CO,80250,65000,,832522034,
208802884,2020,LINDSEY CONSTANCE FOR KANSAS,13913 73RD STREET,SHAWNEE,KS,66216,500,,834578040,
208802884,2020,COMMITTEE TO ELECT LIZ BECKER,10040 WEST CHEYENNE AVENUE 170-251,LAS VEGAS,NV,89129,1000,,841826032,
208802884,2020,COMMITTEE TO ELECT LOU D'ALLESANDRO,332 ST JAMES AVENUE,MANCHESTER,NH,03102,2000,,020519208,
208802884,2020,LOUIS RUIZ FOR BETTER GOVERNMENT,2914 N 46TH AVENUE,KANSAS CITY,KS,66103,500,,999999999,
208802884,2020,MADAME PRESIDENT PAC,91 ALEXANDER DRIVE,MANCHESTER,NH,03109,8000,,841950689,
208802884,2020,MAINE HOUSE DEMOCRATIC CAMPAIGN COMMITTEE,PO BOX 2021,AUGUSTA,ME,04338,2000,,222695883,
208802884,2020,MAJORITY FORWARD,PO BOX 1491,JEFFERSON CITY,MO,65102,7500,,814537836,
208802884,2020,MARTIN HICKEY FOR SENATE DISTRICT 20,PO BOX 21608,ALBUQUERQUE,NM,87154,5000,,842758903,
208802884,2020,MIMI STEWART WHIP PAC,313 MOON STREET NORTHEAST,ALBUQUERQUE,NM,87123,5000,,831870869,
208802884,2020,MOE PAC,5818 JONES PLACE NORTHWEST,ALBUQUERQUE,NM,87120,5000,,810694116,
208802884,2020,MURPHY FOR GOVERNOR 2021 INC,196 WEST STATE STREET,TRENTON,NJ,08608,4900,,853289051,
208802884,2020,NATIONAL CONFERENCE OF DEMOCRATIC MAYORS,1660 L STREET NW SUITE 501,WASHINGTON,DC,20036,25000,,521535470,
208802884,2020,NC DEMOCRATIC LEADERSHIP COMMITTEE BUILDING FUND,434 FAYETTEVILLE STREET SUITE 2020,RALEIGH,NC,27601,50000,,852631459,
208802884,2020,NEIGHBORS FOR MOORE,PO BOX 742,MIDDLETOWN,DE,19709,600,,851748354,
208802884,2020,NEVADA ASSEMBLY DEMOCRATIC CAUCUS,2320 PASEO DEL PRADONSUITE B107,LAS VEGAS,NV,89101,90000,,880205213,
208802884,2020,NEVADA SENATE DEMOCRATS,2320 PASEO DEL PRADO,LAS VEGAS,NV,89101,90000,,880316606,
208802884,2020,NEW HAMPSHIRE SENATE DEMOCRATIC CAUCUS,105 NORTH STATE STREET,CONCORD,NH,03301,9000,,020473096,
208802884,2020,NEW MEXICANS FOR PUBLIC SAFETY,PO BOX 27654,ALBUQUERQUE,NM,87125,5000,,814306403,
208802884,2020,NEW MEXICO ACCOUNTABILITY PROJECT,518 SYCAMORE DRIVE SE,ALBUQUERQUE,NM,87106,5000,,823387729,
208802884,2020,NEW MEXICO DEFENSE FUND,PO BOX 2383,SANTA FE,NM,87504,5000,,455077813,
208802884,2020,NEW MEXICO SENATE DEMOCRATS,313 MOON STREET NORTHEAST,ALBUQUERQUE,NM,87108,25000,,821045511,
208802884,2020,NM HOUSE DEMOCRATIC CAMPAIGN COMMITTEE,PO BOX 27066,ALBUQUERQUE,NM,87125,5000,,473966550,
208802884,2020,NM SENATE MAJORITY LEADER PAC,708 PASEO DE PERALTA,SANTA FE,NM,87501,5000,,821222921,
208802884,2020,NM WOMEN RISING,2300 BUENA VISTA DRIVE SOUTHEAST 1,ALBUQUERQUE,NM,87106,5000,,812861509,
208802884,2020,OHIO HOUSE DEMOCRATIC CAUCUS BUILDING FUND,545 EAST TOWN STREET,COLUMBUS,OH,43215,10000,,473174375,
208802884,2020,OUR FUTURE PAC,27 SPRING STREET,BURLINGTON,VT,05401,4000,,999999999,
208802884,2020,PA FUND FOR CHANGE,2034 SOUTH COLORADO STREET,PHILIDELPHIA,PA,19145,50000,,824466214,
208802884,2020,PAM CURTIS FOR STATE REPRESENTATIVE,322 NORTH 16TH STREET,KANSAS CITY,KS,66102,500,,464968788,
208802884,2020,PATRICIA PETTEY,5316 LAKEWOOD STREET,KANSAS CITY,KS,66106,500,,999999999,
208802884,2020,PAUL A BACA FOR NM SENATE,9 PERFECTO,BELEN,NM,87002,5000,,842232452,
208802884,2020,PEOPLE FOR GAIL CHASEY,508 MORNINGSIDE DRIVE SOUTHEAST,ALBUQUERQUE,NM,87108,5000,,812953490,
208802884,2020,PEOPLE FOR GROWING OUR ECONOMY,3406 BLUE HILL AVE,GALLUP,NM,87301,5000,,475256520,
208802884,2020,PEOPLE FOR MIMI STEWART,313 MOON STREET NORTHEAST,ALBUQUERQUE,NM,87123,5000,,850612998,
208802884,2020,PEOPLE FOR POPE,PO BOX 65692,ALBUQUERQUE,NM,87193,5000,,843070475,
208802884,2020,PHIL MOORE CAMPAIGN,PO BOX 120502,WEST MELBOURNE,FL,32912,1000,,843899290,
208802884,2020,POSKIN4KS,12924 HOWE DRIVE,LEAWOOD,KS,66209,500,,842678915,
208802884,2020,REPRESENTATIVE MAJORITY LEADERSHIP OFFICE FUND,PO BOX 25385,ALBUQUERQUE,NM,87101,5000,,593806150,
208802884,2020,ROYERS FOR NEBRASKA,15927 O CIRCLE,OMAHA,NE,68135,500,,844453260,
208802884,2020,SADDLE PAC,PO BOX 27654,ALBUQUERQUE,NM,87125,5000,,842801588,
208802884,2020,SENATE DEMOCRATIC CAMPAIGN COMMITTEE,PO BOX 2207,AUGUSTA,ME,04338,2000,,010478979,
208802884,2020,SENATE DEMOCRATIC CAUCUS,PO BOX 198822,NASHVILLE,TN,37219,10000,,621395070,
208802884,2020,SENATE MAJORITY PAC,700 13TH STREET NW SUITE 600,WASHINGTON,DC,20005,100000,,272896127,
208802884,2020,SIAH FOR SENATE,PO BOX 1711,SLIVER CITY,NM,88062,5000,,843170146,
208802884,2020,SOUCY FOR SENATE,91 ALEXANDER DRIVE,MANCHESTER,NH,03109,2000,,460562207,
208802884,2020,SOUTH CAROLINA HOUSE DEMOCRATIC CAUCUS,BLATT BUILDING ROOM 335A PO BOX 12,COLUMBIA,SC,29211,10000,,570969662,
208802884,2020,SPIROS MANTZAVINOS FOR THE 7TH,124 WALLASEY ROAD,WILMINGTON,DE,19808,600,,844179100,
208802884,2020,SUE FORD FOR NH,557 SUGAR HILL ROAD,EASTON,NH,03580,2000,,844822672,
208802884,2020,SYKES FOR SENATE,10227 THEDEN CIRCLE,LENEXA,KS,66220,500,,813628870,
208802884,2020,TALLMAN FOR STATE SENATE,133 GRIEGOS ROAD NORTHWEST,ALBUQUERQUE,NM,87107,5000,,813571779,
208802884,2020,THE COMMITTEE TO ELECT COLE FINE,22214 WEST 119TH TERRACE,OLATHE,KS,66061,500,,845190968,
208802884,2020,THE COMMITTEE TO ELECT KRISTEE WATSON,35 MESQUITE VILLAGE CIRCLE,HENDERSON,NV,89102,1000,,824793111,
208802884,2020,THE FRIENDS OF JENN ALFORD-TEASTER,PO BOX 472,BRADFORD,NH,03221,2000,,824417064,
208802884,2020,THE STEVE PAC,105 NORTH STATE STREET,CONCORD,NH,03301,5000,,833931703,
208802884,2020,TOM HOLLAND FOR KANSAS SENATE,PO BOX 165,BALDWIN CITY,KS,66006,500,,262582971,
208802884,2020,TOM SHERMAN FOR STATE SENATE,1159 WASHINGTON ROAD,RYE,NH,03870,2000,,812841560,
208802884,2020,TRUE BLUE PAC,708 PASEO DE PERALTA,SANTA FE,NM,87501,5000,,455088689,
208802884,2020,VARGAS FOR NEBRASKA,713 CANIGLIA PLAZA,OMAHA,NE,68108,500,,474808487,
208802884,2020,VERMONT DEMOCRATIC PARTY,P O BOX 1220,MONTPELLIER,VT,50601,10000,,030199446,
208802884,2020,VOTE WEBER,5255 NORTHWEST 12TH STREET,LINCOLN,NE,68521,500,,844541083,
208802884,2020,WILLIAM BOLTON FOR SENATE,167 RESERVOIR ROAD,PLYMOUTH,NH,03264,2000,,825093664,
208802884,2020,WIN MINNESOTA FEDERAL PAC,1600 UNIVERSITY AVENUE W SUITE 309,SAINT PAUL,MN,55104,10000,,743238362,
208802884,2020,WOODARD FOR KANSAS,9051 RENNER BLVD APT 3002,LENEXA,KS,66219,500,,824099635,
208802884,2020,ZETA PAC,PO BOX 27654,ALBUQUERQUE,NM,87125,5000,,842583418,
461457252,2021,CONSERVATIVES FOR PRINCIPLED LEADERSHIP,1103 HAYS ST,TALLAHASSEE,FL,32301,25000,0,475537768,
461457252,2021,FLORIDA REPUBLICAN SENATORIAL CAMPAIGN COMMITTEE,2640-A MITCHAM DR,TALLAHASSEE,FL,32308,25000,0,472058962,
461457252,2021,FLORIDA DEMOCRATIC LEGISLATIVE CAMPAIGN COMMITTEE,PO BOX 1701,TALLAHASSEE,FL,32302,10000,0,815009959,
461457252,2021,MIGHTY MISSOURI PAC,12026 MANCHESTER ROAD,ST LOUIS,MO,63131,5500,0,842388647,
461457252,2021,SUNSHINE STATE CONSERVATIVES,115 EAST PARK AVE STE 1,TALLAHASSEE,FL,32301,5000,0,464186442,
461457252,2021,MISSOURI FORWARD,PO BOX 2112,JEFFERSON CITY,MO,65102,3000,0,821674685,
461457252,2021,417 PAC,901 E BATTLEFIELD ROAD,SPRINGFIELD,MO,65807,2250,0,842353838,
461457252,2021,LINCOLN PAC,4304 E SERENADE STREET,SPRINGFIELD,MO,65809,1750,0,821882610,
461457252,2021,OZARK GATEWAY LEADERSHIP PAC,7509 NW TIFFANY SPRINGS PKWY STE 30,KANSAS CITY,MO,64153,1750,0,842214010,
461457252,2021,SAINT CHARLES ORGANIZATION OF REPUBLICANS,PO BOX 1742,ST CHARLES,MO,63302,1250,0,450752236,
461457252,2021,AMERICAN DREAM PAC,217 E CAPITOL AVE,JEFFERSON CITY,MO,65101,1000,0,832305575,
461457252,2021,CONSERVATIVE LEADERSHIP FOR SOUTHEAST MISSOURI,PO BOX 609,KENNETT,MO,63857,1000,0,851110662,
461457252,2021,CRYSTAL PAC,6395 S RANGELINE RD,COLUMBIA,MO,65201,1000,0,843045229,
461457252,2021,DOUGPAC,4657 FOREST VALLEY DRIVE,ST LOUIS,MO,63128,1000,0,841879320,
461457252,2021,FREEDOM'S PROMISE PAC,10260 MANCHESTER ROAD,ST LOUIS,MO,63122,1000,0,832370028,
461457252,2021,JACKSON COUNTY LEADERSHIP PAC,2300 MAIN ST 9TH FL,KANSAS CITY,MO,64108,1000,0,843135141,
461457252,2021,OLD DRUM CONSERVATIVE PAC,121 MADISON ST,JEFFERSON CITY,MO,65101,1000,0,831242618,
461457252,2021,STL DEMOCRATIC COALITION,PO BOX 78358,ST LOUIS,MO,63178,1000,0,852799683,
461457252,2021,TONY PAC,PO BOX 8666,ST JOSEPH,MO,64508,1000,0,842749630,
461457252,2021,TRUTH IN CAMPAIGNS,PO BOX 10136,KANSAS CITY,MO,64171,1000,0,832179690,
461457252,2021,CONSERVATIVE CITIZENS COALITION,3339 N EAST AVENUE,SPRINGFIELD,MO,65803,750,0,490425055,
461457252,2021,FOUR RIVERS PAC,PO BOX 1011,WASHINGTON,MO,63068,750,0,843641459,
461457252,2021,JB PAC,121 MADISON ST,JEFFERSON CITY,MO,65101,750,0,861460773,
461457252,2021,KC NEIGHBORS FOR PROGRESS,PO BOX 412867,KANSAS CITY,MO,64141,750,0,833391740,
461457252,2021,LEWIS AND CLARK LEADERSHIP PAC,9465 LIME STONE ROAD,PARKVILLE,MO,64152,750,0,843331274,
461457252,2021,SOUTHERN DRAWL PAC,PO BOX 52,JEFFERSON CITY,MO,65102,750,0,872138340,
461457252,2021,SOUTHWEST MISSOURI PATRIOT PAC,PO BOX 5042,JOPLIN,MO,64803,750,0,842792615,
461457252,2021,THE WONDERDOG PAC,121 MADISON ST,JEFFERSON CITY,MO,65101,750,0,871179273,
461457252,2021,TRUE NORTH PAC,PO BOX 414471,KANSAS CITY,MO,64141,750,0,841881258,
461457252,2021,VOTERS FOR GOOD GOVERNMENT PAC,3499 WAINWRIGHT STREET,ST CHARLES,MO,63301,750,0,824042750,
521974904,2022,FRIENDS OF TINA KOTEK,PO BOX 42304,PORTLAND,OR,97242,10000,0,204689019,
521974904,2022,MILLS FOR MAINE,PO BOX 94,AUGUSTA,ME,04332,1725,0,842213980,
521974904,2022,MAINE DEMOCRATIC STATE COMMITTEE,PO BOX 5258,AUGUSTA,ME,04332,15000,0,010227304,
521974904,2022,DP STRATEGIES LLC DBA BROWN STRATEGY GROUP,1230 K STREET NW,WASHINGTON,DC,20005,9532,0,814341794,
841328830,2022,MARILYN DONDERO LOOP CAMPAIGN,9811 W CHARLESTON BLVD STE 2-420,LAS VEGAS,NV,89117,1000,,,
841328830,2022,COMMITTEE TO ELECT STEVEN YEAGER,10120 W FLAMINGO ROAD SUITE 4162,LAS VEGAS,NV,89147,1000,,,
841328830,2022,COMMITTEE TO ELECT MICHELLE GORELOW,8545 W WARM SPRINGS RD SUITE A-4,LAS VEGAS,NV,89113,1000,,,
841328830,2022,CAMPAIGN FOR BRITTNEY MILLER,9030 W SAHARA 364,LAS VEGAS,NV,89117,1000,,,
841328830,2022,COMMITTEE TO ELECT ELAINE MARZOLA,2420 TIDEN WAY,HENDERSON,NV,89074,1000,,,
841328830,2022,FRIENDS FOR LESLEY COHEN,2654 WINDMILL PKWY 415,HENDERSON,NV,89074,1000,,,
841328830,2022,CAMPAIGN COMMITTEE TO ELECT SANDRA JAUREGUI,7582 LAS VEGAS BLVD S SUITE 118,LAS VEGAS,NV,89123,1000,,,
841328830,2022,COMMITTEE TO ELECT DANIELE MONROE-MORENO,5575 SIMMONS ST STE 154 N,LAS VEGAS,NV,89031,1000,,,
841328830,2022,COMMITTEE TO ELECT JULIE PAZINA,10933 PINION WOODS COURT,HENDERSON,NV,89052,1000,,,
841328830,2022,COMPASSION & CHOICES ACTION NETWORK MASSACHUSETTS INDEPENDENT EXPENDITURE,8156 S WADSWORTH BLVD E173,LITTLETON,CO,80128,66000,,920236895,
841328830,2022,CONNECTICUT DECISIONS PAC,8156 S WADSWORTH BLVD E173,LITTLETON,CO,80128,48000,,920415863,
841328830,2022,LARRY LAMBERT FOR STATE REPRESENTATIVE,18 YALE AVENUE,CLAYMONT,DE,19703,200,,,
841328830,2022,SPIROS MANTZAVINOS FOR THE 7TH,124 WALLASEY ROAD,WILMINGTON,DE,19808,200,,,
841328830,2022,FRIENDS OF LAURA STURGEON,414 FOULKSTONE ROAD,WILMINGTON,DE,19803,200,,,
841328830,2022,WALSH FOR THE 9TH,2607 BELAIRE DRIVE,WILMINGTON,DE,19808,200,,,
841328830,2022,FRIENDS OF CYNDIE ROMER,105 ENTRE LANE,NEWARK,DE,19702,600,,,
841328830,2022,FRIENDS TO ELECT KYRA HOFFNER,2024 FAST LANDING ROAD,DOVER,DE,19901,600,,,
841328830,2022,DESHANNA NEAL FOR DISTRICT 13,1536 CLAYTON ROAD,WILMINGTON,DE,19805,600,,,
841328830,2022,ELECT FRANK BURNS FOR CHANGE FOR THE 21ST,1 OAK AVENUE,NEWARK,DE,19711,600,,,
841328830,2022,ELECT KEEGAN WORLEY,23056 CALDWELL CIRCLE,LEWES,DE,19958,600,,,
841328830,2022,FRIENDS OF KYLE EVANS GAY,2400 WEST HEATHER ROAD,WILMINGTON,DE,19803,200,,,
841328830,2022,COMPASSION & CHOICES ACTION NETWORK EAST PAC,8156 S WADSWORTH BLVD E173,LITTLETON,CO,80128,5000,,883757249,
841328830,2022,WES MOORE FOR MARYLAND,PO BOX 50123,BALTIMORE,MD,21211,2090,,,
840445578,2023,SCHOOL NUTRITION ASSOCIATION PAC,2900 S QUINCY STREET SUITE 700,ARLINGTON,VA,22206,,,840445578,
133539048,2023,Planned Parenthood Votes,123 William Street 10th floor,New York,NY,10038,421731,,134128897,
133539048,2023,Planned Parenthood Action Kentucky,200 S Meridian St Ste 400,Indianapolis,IN,46225,213347,,475049056,
133539048,2023,Pennsylvanians for Judicial Fairness,1735 Market Street,Philadelphia,PA,19103,150000,,923666004,
133539048,2023,Planned Parenthood Virginia PAC,201 N Hamilton St,Richmond,VA,23221,108128,,208710245,
133539048,2023,Planned Parenthood NJ Super PAC Inc,196 Speedwell Avenue,Morristown,NJ,37960,100000,,932815895,
133539048,2023,#VoteProChoice PAC,PO Box 1452,New York,NY,10276,56250,,873379951,
133539048,2023,MoveOnorg Political Action,1442 Walnut Street STE 358,Berkeley,CA,94709,25000,,943324022,
133539048,2023,Emerge America,4 Embarcadero Center STE 1400,San Francisco,CA,94111,10000,,900787684,
133539048,2023,LGBTQ Victory Fund,1225 I Street NM STE 525,Washington,DC,20005,10000,,521729701,
133539048,2023,Democrat Lieutenant Governers Association,1090 Vermont Ave NM STE 750,Washington,DC,20005,10000,,030457299,
133539048,2023,Wilson For Louisiana,122 C Street NW Suite 260,Washington,DC,20001,5000,,922401049,
133539048,2023,Democratic Party of South Carolina - State Account,PO BOX 5965,COLUMBIA,SC,29250,2500,,570408246,
133539048,2023,Laufer for Delegate,PO Box 257,Keswick,VA,22947,70,,882589512,
133539048,2023,Friends of Russet Perry,PO Box 6434 15 East Market St,Leesburg,VA,20178,70,,920461079,
010879928,2023,MICHAEL FEGGANS FOR VIRGINIA,900 COMMONWEALTH PLACE PMB 2141,VIRGINIA BEACH,VA,23464,40500,,881242871,
010879928,2023,KIM ADAMS FOR VIRGINIA,PO BOX 3928,PETERSBURG,VA,23805,20000,,882548058,
010879928,2023,FRIENDS OF TRAVIS NEMBHARD,8801 SUDLEY ROAD STE 4302,MANASSAS,VA,20110,10000,,922555648,
010879928,2023,FRIENDS OF RUSSET PERRY,PO BOX 5501,HERNDON,VA,20172,10000,,920461079,
010879928,2023,FRIENDS OF PHIL HERNANDEZ,787 WEST OCEAN VIEW AVE,NORFOLK,VA,23503,2250,,874341244,
010879928,2023,FRIENDS OF MONTY MASON,PO BOX 232,WILLIAMSBURG,VA,23187,1500,,461362073,
010879928,2023,RIP SULLIVAN FOR DELEGATE,PO BOX 994,MCLEAN,VA,22101,1000,,471226486,
010879928,2023,LOCKE FOR STATE SENATE,PO BOX 9048,HAMPTON,VA,23670,1000,,830840990,
010879928,2023,LLOUISE LUCAS CAMPAIGN,PO BOX 700,PORTSMOUTH,VA,23705,1000,,922596952,
010879928,2023,FRIENDS OF MARCIA PRICE,PO BOX 387,NEWPORT NEWS,VA,23607,1000,,472474121,
010879928,2023,MARSDEN FOR SENATE,PO BOX 10889,BURKE,VA,22009,1000,,271338500,
010879928,2023,CITIZENS FOR ADRIENNE JONES,17 W COURTLAND ST STE 210,BEL AIR,MD,21014,1000,,522065770,
010879928,2023,SUROVELL FOR STATE SENATE,PO BOX 289,MOUNT VERNON,VA,22121,1000,,473086189,
010879928,2023,FRIENDS OF GHAZALA HASHMI,PO BOX 72923,RICHMOND,VA,23235,750,,832547003,
010879928,2023,JCF FOR STATE SENATE,PO BOX 5002,WOODBRIDGE,VA,22194,500,,874283703,
010879928,2023,MCPIKE FOR SENATE,PO BOX 2819,WOODBRIDGE,VA,22195,500,,472374840,
010879928,2023,FRIENDS OF LASHRECSE AIRD,PO BOX 3943,PETERSBURG,VA,23805,500,,881223058,
010879928,2023,FRIENDS OF RON WATSON,17 W COURTLAND ST STE 210,BEL AIR,MD,21014,500,,871536851,
010879928,2023,NADARIUS CLARK FOR DELEGATE,PO BOX 829,SUFFOLK,VA,23439,500,,861399122,
010879928,2023,VANVALKENBURG FOR VIRGINIA,PO BOX 28782,RICHMOND,VA,23228,500,,884267845,
010879928,2023,CITIZENS FOR BRIAN FELDMAN,PO BOX 34408,BETHESDA,MD,20827,500,,522344445,
010879928,2023,DEEDS FOR STATE SENATE,PO BOX 5462,CHARLOTTESVILLE,VA,22905,500,,900020416,
010879928,2023,FRIENDS OF DON SCOTT,355 CRAWFORD ST 704,PORTSMOUTH,VA,23704,500,,841773321,
010879928,2023,FRIENDS OF CHARNIELE HERRING,PO BOX 11779,ALEXANDRIA,VA,22312,500,,263228943,
010879928,2023,COMMITTEE TO ELECT CT WILSON,1220 PATAPSCO ST,BALTIMORE,MD,21230,500,,823030072,
010879928,2023,FAVOLA FOR SENATE COMMITTEE,2319 18TH ST,ARLINGTON,VA,22201,500,,275414799,
010879928,2023,HENSON FOR VIRGINIA,PO BOX 4026,WOODBRIDGE,VA,22194,500,,880634041,
010879928,2023,FRIENDS OF DAVID BULOVA,PO BOX 106,FAIRFAX STATION,VA,22039,500,,200041016,
010879928,2023,J WARD FOR DELEGATE,PO BOX 7310,HAMPTON,VA,23666,500,,421633283,
010879928,2023,WATTS FOR DELEGATE,PO BOX 8004,SPRINGFIELD,VA,22151,500,,541754261,
010879928,2023,FRIENDS OF ADRIAN BOAFO,17205 RUSSET DRIVE,BOWIE,MD,20716,300,,834691466,
010879928,2023,FRIENDS OF JHEANELLE WILKINS,PO BOX 7601,SILVER SPRING,MD,20907,250,,465041298,
010879928,2023,FRIENDS OF MARC KORMAN,7104 EXETER ROAD,BETHESDA,MD,20814,250,,271895665,
010879928,2023,FRIENDS OF LORIG CHARKOUDIAN,PO BOX 11281,TAKOMA PARK,MD,20913,250,,814649378,
010879928,2023,FRIENDS OF KATIE FRY HESTER,1215 E FORT AVE STE 106,BALTIMORE,MD,21230,250,,822423839,
010879928,2023,PEOPLE UNITING TO ELECT MARY WASHINGTON,PO BOX 2261,BALTIMORE,MD,21203,250,,202856690,
010879928,2023,FRIENDS OF STEPHANIE SMITH,PO BOX 41120,BALTIMORE,MD,21233,250,,815286253,
010879928,2023,CITIZENS FOR MARY LEHMAN,PO BOX 376,LAUREL,MD,20725,250,,934191152,
010879928,2023,FRIENDS OF KAREN LEWIS YOUNG,PO BOX 3662,FREDERICK,MD,21705,200,,270192284,
010879928,2023,FRIENDS OF ANDREA HARRISON,17 W COURTLAND ST STE 210,BEL AIR,MD,21014,125,,830491019,
010879928,2023,FRIENDS OF JENNIFER TERRASA,1215 EAST FORT AVENUE STE 106,BALTIMORE,MD,21230,100,,203624967,
742683124,2024,CITIZENS COMMISSION ON HUMAN RIGHTS,6616 SUNSET BLVD,LOS ANGELES,CA,90028,,,680005541,
742683124,2024,CITIZENS COMMISSION ON HUMAN RIGHTS CHICAGO,728 WEST JACKSON SUITE 1207,CHICAGO,IL,60661,,,,
742683124,2024,CITIZENS COMMISSION ON HUMAN RIGHTS FLORIDA,1217 N FORT HARRISON AVE,CLEARWATER,FL,33755,,,,
742683124,2024,CITIZENS COMMISSION ON HUMAN RIGHTS COLORADO,303 S BROADWAY SUITE 200 PMB 516,DENVER,CO,80209,,,,
742683124,2024,CITIZENS COMMISSION ON HUMAN RIGHTS CONNECTICUT,256 BRAINARD HILL RD,HIGGANUM,CT,06441,,,,
742683124,2024,CITIZENS COMMISSION ON HUMAN RIGHTS LOS ANGELES,1308 L RON HUBBARD WAY,LOS ANGELES,CA,90027,,,,
742683124,2024,CITIZENS COMMISSION ON HUMAN RIGHTS NEW ENGLAND,607 BOYLSTON ST PMB 213 LOWER LEVE,BOSTON,MA,02116,,,,
742683124,2024,CITIZENS COMMISSION ON HUMAN RIGHTS ORANGE COUNTY,505 N SYCAMORE ST,SANTA ANA,CA,92701,,,,
742683124,2024,CITIZENS COMMISSION ON HUMAN RIGHTS OREGON,PO BOX 6662,ALOHA,OR,97078,,,,
742683124,2024,CITIZENS COMMISSION ON HUMAN RIGHTS PHOENIX,18816 AZTEC DRIVE,SUN CITY,AZ,85372,,,,
742683124,2024,CITIZENS COMMISSION ON HUMAN RIGHTS SACRAMENTO,1029 H STREET SUITE 104,SACRAMENTO,CA,95814,,,,
742683124,2024,CITIZENS COMMISSION ON HUMAN RIGHTS SEATTLE,PO BOX 19633,SEATTLE,WA,98109,,,,
742683124,2024,CITIZENS COMMISSION ON HUMAN RIGHTS SOUTH BAY,PO BOX 10484,SAN JOSE,CA,95157,,,,
742683124,2024,CITIZENS COMMISSION ON HUMAN RIGHTS ST LOUIS,PO BOX 300256,ST LOUIS,MO,63130,,,,
742683124,2024,CITIZENS COMMISSION ON HUMAN RIGHTS UTAH,PO BOX 5210882,SALT LAKE CITY,UT,84152,,,,
742683124,2024,CITIZENS COMMISSION ON HUMAN RIGHTS VENTURA,PO BOX 5358,VENTURA,CA,93005,,,,
742683124,2024,CITIZENS COMMISSION ON HUMAN RIGHTS WASHINGTON DC,1701 20TH STREET NW,WASHINGTON,DC,20009,,,,
742683124,2024,CITIZENS COMMISSION ON HUMAN RIGHTS OF SAN FRANCISCO NORTH BAY,1365 CREEKSIDE DRIVE APT 232,WALNUT CREEK,CA,94596,,,,
742683124,2024,CITIZENS COMMISSION ON HUMAN RIGHTS NEW YORK,400 WEST 43RD STREET APT 3B,NEW YORK,NY,10036,,,,
742683124,2024,CITIZENS COMMISSION ON HUMAN RIGHTS MINNESOTA,330 PRIOR AVE NORTH,SAINT PAUL,MN,55104,,,,
742683124,2024,CITIZENS COMMISSION ON HUMAN RIGHTS NASHVILLE,PO BOX 41795,NASHVILLE,TN,37204,,,,
530116130,2024,NRA POLITICAL VICTORY FUND (SEE PARTS I-A AND IV),11250 Waples Mill Rd,Fairfax,VA,22030,0,430,521083020,
530116130,2024,REPUBLICAN ATTORNEYS GENERAL ASSOCIATION,1747 PENNSYLVANIA AVE NW STE 800,WASHINGTON,DC,20006,125000,,464501717,
530116130,2024,REPUBLICAN GOVERNORS ASSOCIATION,1747 PENNSYLVANIA AVE NW STE 250,WASHINGTON,DC,20006,195000,,113655877,
530116130,2024,REPUBLICAN STATE LEADERSHIP COMMITTEE,1201 F STREET NW SUITE 675,WASHINGTON,DC,20004,25000,,050532524,
208802884,2024,ADDISON PETERSON FOR ANTIOCH CITY COUNCIL DISTRICT 3 2024,5409 MOUNTAIN RIDGE WAY,ANTIOCH,CA,94531,250,,934571162,
208802884,2024,AILINA CARONA FOR STATE REPRESENTATIVE,17 KILKHAM COURT,MOUNT JULIET,TN,37122,500,,932448082,
208802884,2024,ALISON KAMHI FOR PALO ALTO SCHOOL BOARD 2024,511 OLMSTED ROAD,STANFORD,CA,94305,500,,993246910,
208802884,2024,ALL TOGETHER COLORADO,PO BOX 102673,DENVER,CO,80250,50000,,853959470,
208802884,2024,ALLISON GORMAN FOR TN HOUSE,400 TREMONT STREET,CHATTANOOGA,TN,37405,500,,881637803,
208802884,2024,ARIZONA DEMOCRATIC PARTY,PO BOX 36123,PHOENIX,AZ,85067,50000,,860125308,
208802884,2024,ALYSSA BLACK,PO BOX 9141,ESSEX,VT,05451,500,,999999999,
208802884,2024,AMANDA COCHRANE,PO BOX 23,ST JOHNSBURY,VT,05819,500,,999999999,
208802884,2024,ATLAS FOR NEVADA,1121 BOBBY BASIN AVENUE,HENDERSON,NV,89014,1000,,934590751,
208802884,2024,BARUTH SENATE,145 STARR FARM ROAD,BURLINGTON,VT,05408,1000,,999999999,
208802884,2024,BETH HELFRICH FOR NC,PO BOX 771,DAVIDSON,NC,28036,1000,,933648243,
208802884,2024,BOB FERGUSON FOR GOVERNOR,PO BOX 22169,SEATTLE,WA,98122,2400,,010699595,
208802884,2024,BRIAN EGOLF SPEAKER FUND,PO BOX 27066,ALBUQUERQUE,NM,87125,30000,,821094444,
208802884,2024,BRIAN FOR UTAH,875 SOUTH DONNER WAY APT 1504,SALT LAKE CITY,UT,84108,2500,,934359646,
208802884,2024,CAMPAIGN TO ELECT MICHELLE TAFOYA,1535 DRAKE SW,LOS LUNAS,NM,87031,250,,991928909,
208802884,2024,CAMPAIGN TO ELECT ROCHELLE NGUYEN,PO BOX 26025,LAS VEGAS,NV,89126,1000,,832881476,
208802884,2024,CAMPBELL FOR STATE SENATE,PO BOX 330302,NASHVILLE,TN,37203,1000,,844712682,
208802884,2024,CATHERINE STEFANI FOR ASSEMBLY 2024,312 CLAY STREET SUITE 300,OAKLAND,CA,94607,500,,922633794,
208802884,2024,CAVANAUGH FOR NEBRASKA,916 SOUTH 58TH STREET,OMAHA,NE,68106,500,,842110715,
208802884,2024,CHAMBERS FOR SENATE 2024,515 S FIGUEROA STREET SUITE 1110,LOS ANGELES,CA,90071,500,,923809312,
208802884,2024,CHARITY FOR VERMONT,PO BOX 92,RICHMOND,VT,05477,1000,,882169327,
208802884,2024,CHARLOTTE LITTLE FOR HD68,10018 ERLITZ DRIVE NORTHWEST,ALBUQUERQUE,NM,87114,5500,,874531764,
208802884,2024,CINDY MURPHY-SALOMONE FOR PARKLAND CITY COMMISSIONER DISTRICT 3,9762 CLEMMONS STREET,PARKLAND,FL,33076,500,,999999999,
208802884,2024,CINDY NAVA FOR NEW MEXICO,PO BOX 5328,BERNALILLO,NM,87004,2500,,991186684,
208802884,2024,CITIZENS FOR DON HOUSE,51 SUN LAKE DRIVE,BELMONT,NH,03220,500,,844675332,
208802884,2024,CITIZENS FOR JACKIE WILLIAMSON,PO BOX 13,WHEATON,IL,60187,1000,,883515945,
208802884,2024,CITIZENS FOR KARINA VILLA,PO BOX 457,WEST CHICAGO,IL,60186,1000,,814820548,
208802884,2024,CITIZENS FOR KIM ZITO,1013 CASSIDY DRIVE,MANHATTAN,KS,66502,500,,882166929,
208802884,2024,CITIZENS FOR MARY MAHADY,803 N FRONT STREET,MCHENRY,IL,60050,1000,,455500577,
208802884,2024,COLE 4 VA,PO BOX 73,FREDERICKSBURG,VA,22404,1250,,832479832,
208802884,2024,COLLECTIVE SUPER PAC,PO BOX 15320,WASHINGTON,DC,20003,25000,,475665620,
208802884,2024,COLORADO SUPPORTS CRIME VICTIM SERVICES,4246 E 98TH PL,THORNTON,CO,80229,15000,,993886969,
208802884,2024,COLORADO WAY FORWARD,PO BOX 100912,DENVER,CO,80250,50000,,923861115,
208802884,2024,COMMITTEE TO ELECT AMANDA COLLINS,8732 HOLLINGSFIELD DRIVE,KNOXVILLE,TN,37922,250,,882118450,
208802884,2024,COMMITTEE TO ELECT APRIL DOBSON,3321 SE 20TH AVENUE,PORTLAND,OR,97202,1000,,993889566,
208802884,2024,COMMITTEE TO ELECT CLAIRE KEMPNER,PO BOX 32,GRIMESLAND,NC,27837,1000,,934892568,
208802884,2024,COMMITTEE TO ELECT DALLAS HARRIS,8020 S RAINBOW BLVD SUITE 100 271,LAS VEGAS,NV,89139,5000,,832730935,
208802884,2024,COMMITTEE TO ELECT DANIELE MONROE-MORENO,5575 SIMMONS STREET 154,NORTH LAS VEGAS,NV,89031,1000,,473050235,
208802884,2024,COMMITTEE TO ELECT DEBRA ALTSCHILLER,15 APPLE WAY,STRATHAM,NH,03885,500,,880842289,
208802884,2024,COMMITTEE TO ELECT ELAINE MARZOLA,2420 TILDEN WAY,HENDERSON,NV,89074,1000,,843621010,
208802884,2024,COMMITTEE TO ELECT GABBY BEGAY FOR NM HOUSE,PO BOX 6,SANTA CLARA,NM,88026,2500,,992946832,
208802884,2024,COMMITTEE TO ELECT JODY MADEIRA,2151 W TOBACCO ROAD,BLOOMINGTON,IN,47403,500,,991164419,
208802884,2024,COMMITTEE TO ELECT JOVAN JACKSON,1851 RENADA CIRCLE,NORTH LAS VEGAS,NV,89030,500,,991918737,
208802884,2024,COMMITTEE TO ELECT JOY GARRATT 2024,10308 MARIN DRIVE NORTHWEST,ALBUQUERQUE,NM,87114,3500,,823061789,
208802884,2024,COMMITTEE TO ELECT KRISTEN MOYER AS REGISTER OF DEEDS,304 S CENTRAL AVENUE,BELMONT,NC,28012,500,,934953781,
208802884,2024,COMMITTEE TO ELECT LEIGH COULTER,3024 BEECH COURT,INDIAN TRAIL,NC,28079,250,,993765048,
208802884,2024,COMMITTEE TO ELECT LOREE PEERY,PO BOX 1151,SPIRIT LAKE,ID,83869,1000,,991347239,
208802884,2024,COMMITTEE TO ELECT MELANIE RENFEW-HEBERT,23 COLLEGE ROAD,MANCHESTER,NH,03102,250,,852278612,
208802884,2024,COMMITTEE TO ELECT NICOLE CANNIZZARO,361 SOUBRETTE COURT,LAS VEGAS,NV,89145,7000,,474860402,
208802884,2024,COMMITTEE TO ELECT SANDRA JAUREGUI,7582 LAS VEGAS BLVD SOUTH 118,LAS VEGAS,NV,89123,9500,,475675506,
208802884,2024,COMMITTEE TO ELECT STEVEN YEAGER,10120 W FLAMINGO ROAD SUITE 4162,LAS VEGAS,NV,89147,7000,,464680743,
208802884,2024,COMMITTEE TO ELECT TAMEKA HENRY,1221 STAR MEADOW DRIVE,NORTH LAS VEGAS,NV,89030,500,,845085867,
208802884,2024,COMMONWEALTH VICTORY FUND,1021 EAST CARY STREET SUITE 1275,RICHMOND,VA,23219,3500,,541971319,
208802884,2024,CONSERVATION PAC,PO BOX 12671,RALEIGH,NC,27605,15000,,813264321,
208802884,2024,CYNTHIA 4 NM HOUSE,8731 SPRINGHILL DRIVE NORTHWEST,ALBUQUERQUE,NM,87114,2500,,880900019,
208802884,2024,DACIA FOR OREGON,3321 SE 20TH AVENUE,PORTLAND,OR,97202,1000,,844270914,
208802884,2024,DANIEL DIDECH CAMPAIGN COMMITTEE,PO BOX 4959,BUFFALO GROVE,IL,60089,1000,,823395930,
208802884,2024,DANIELSEN FOR ASSEMBLY,12 NORTH STATE ROUTE 17 SUITE 320,PARAMUS,NJ,07652,1000,,475137956,
208802884,2024,DAWN STEVENSON,4527 SOUTH VISTA MONTANA WAY,WEST VALLEY CITY,UT,84128,500,,811300265,
208802884,2024,DELAWARE SENATE MAJORITY CAUCUS CAMPAIGN COMMITTEE,56 RIVER WOODS DRIVE,WILMINGTON,DE,19809,24500,,870936911,
208802884,2024,DEMOCRATIC MAYORS ASSOCIATION,529 14TH STREET NW SUITE 1206,WASHINGTON,DC,20045,45000,,521535470,
208802884,2024,DEMOCRATIC MUNICIPAL OFFICIALS,815 BLACK LIVES MATTER PLAZA NW SUI,WASHINGTON,DC,20005,25000,,030393091,
208802884,2024,DEMOCRATS FOR THE ILLINOIS HOUSE,10055 ROOSEVELT ROAD SUITE A,WESTCHESTER,IL,60154,20000,,862496217,
208802884,2024,DEOS FOR DAVIS CITY COUNCIL 2024,2112 FORTUNA COURT,DAVIS,CA,95616,150,,933891858,
208802884,2024,DEVINE FOR SENATE,1419 RICHLAND ST,COLUMBIA,SC,29201,1000,,932980718,
208802884,2024,DIANA HONIG FOR 4CD GOVERNING BOARD WARD 2 2024,4180 TREAT BLVD STE N,CONCORD,CA,94518,250,,993872621,
208802884,2024,DIANA MAIER FOR MARIN COUNTY WATER BOARD 2024,49 INVERNESS DRIVE,SAN RAFAEL,CA,94901,250,,994325510,
208802884,2024,DIANA SHOEMAKER CAMPAIGN FOR MANATEE COUNTY COMMISSION,1820 76TH STREET WEST,BRADENTON,FL,34209,500,,933195474,
208802884,2024,DOLAN AND LERNER FOR NEW PROVIDENCE,48 LANCELOT DRIVE,BERKELEY HEIGHTS,NJ,07922,500,,992349142,
208802884,2024,DOMINIQUE KING FOR ANTIOCH CITY COUNCIL 2024,333 WEST SAN CARLOS STREET SUITE 6,SAN JOSE,CA,95110,500,,933395938,
208802884,2024,EFO BENJAMIN WEISMAN,PO BOX 91,BOONTON,NJ,07005,500,,880824637,
208802884,2024,EFO LOUIS D GREENWALD FOR ASSEMBLY,2240 15 ROUTE 70,CHERRY HILL,NJ,08002,2400,,223565484,
208802884,2024,ELECT AMANDA EDWARDS,PO BOX 184,WEAVERVILLE,NC,28787,500,,823931299,
208802884,2024,ELECT EMERY CUSD TRUSTEE 2024,3288 ADAMS AVENUE SUITE 16713,SAN DIEGO,CA,92176,500,,934926805,
208802884,2024,ELECT FRANK BURNS CHANGE FOR THE 21ST,1 OAK AVENUE,NEWARK,DE,19711,600,,883158673,
208802884,2024,ELECT JAMILA TAYLOR,PO BOX 3996,FEDERAL WAY,WA,98063,600,,833917287,
208802884,2024,ELECT SARAH BAGLEY,PO BOX 66,ALEXANDRIA,VA,22313,500,,861843604,
208802884,2024,ELECT TERRI NILES,6400 NORTHEAST HIGHWAY 99 G334,VANCOUVER,WA,98665,1000,,851088587,
208802884,2024,ELECTION FUND OF CRAIG COUGHLIN,12 NORTH STATE ROUTE 17 SUITE 320,PARAMUS,NJ,07652,4000,,010930328,
208802884,2024,ELI WOODY FOR KANSAS,1228 N 94TH TERRACE 2212,KANSAS CITY,KS,66112,500,,992080472,
208802884,2024,ELLEN BAKER FOR NPBCID SEAT 4,5673 WHIRLAWAY ROAD,PALM BEACH GARDENS,FL,33418,250,,851373527,
208802884,2024,ERIN BRADY FOR WILLISTON,48 BROOKSIDE DRIVE,WILLISTON,VT,05495,250,,920307672,
208802884,2024,EVERYTOWN FOR GUN SAFETY VICTORY FUND,PO BOX 4184,NEW YORK,NY,10163,5500000,,813928802,
208802884,2024,EVERYTOWN FOR GUN SAFETY VICTORY FUND STATE COMMITTEE,PO BOX 4184,NEW YORK,NY,10163,125721,,852959895,
208802884,2024,FEATHERSTON FOR KANSAS,PO BOX 113447,OVERLAND PARK,KS,66282,500,,843238850,
208802884,2024,FLORIDA HOUSE DEMOCRATIC CAMPAIGN COMMITTEE,PO BOX 1701,TALLAHASSEE,FL,32303,90000,,883971726,
208802884,2024,FRIENDS & FAMILY OF NABEELA SYED,PO BOX 1128,PALATINE,IL,60078,1000,,871219707,
208802884,2024,FRIENDS FOR ANGIE,10580 NORTH MCCARRAN BLVD 115-345,RENO,NV,89503,1000,,010944627,
208802884,2024,FRIENDS FOR JENNIFER,PO BOX 3042,GLENVIEW,IL,60025,1000,,822450388,
208802884,2024,FRIENDS OF ABBY SANCHEZ,107 BAY HAMMOCK LANE,LONGWOOD,FL,32779,500,,992300440,
208802884,2024,FRIENDS OF BEACH PACE,985 NORTHEAST CREEKSEDGE DRIVE,HILLSBORO,OR,97124,1000,,880600685,
208802884,2024,FRIENDS OF BEN BOWMAN,9390 SW JULIA PLACE,TIGARD,OR,97224,1000,,882685485,
208802884,2024,FRIENDS OF BOB MORGAN,PO BOX 1074,DEERFIELD,IL,60015,1000,,821327026,
208802884,2024,FRIENDS OF COURTNEY NERON,3321 SE 20TH AVENUE,PORTLAND,OR,97202,1000,,832042057,
208802884,2024,FRIENDS OF CYNDIE ROMER,105 ENTRE LANE,NEWARK,DE,19702,600,,881210757,
208802884,2024,FRIENDS OF DAN RAYFIELD,4806 VIOLA PLACE,CORVALLIS,OR,97330,5000,,271422275,
208802884,2024,FRIENDS OF DARYA FARIVAR,PO BOX 20664,SEATTLE,WA,98102,600,,873995740,
208802884,2024,FRIENDS OF DAVE PAUL,PO BOX 387,OAK HARBOR,WA,98277,600,,824743363,
208802884,2024,FRIENDS OF ELIZABETH CASE,6412 NORTHEAST SOUTHBROOK COURT,HILLSBORO,OR,97124,500,,932383512,
208802884,2024,FRIENDS OF ELLY HANAUER FRIEDMAN,2504 MELROSE DRIVE,CHAMPAIGN,IL,61820,100,,884010978,
208802884,2024,FRIENDS OF ERICA LARKIN,12 ANDY COURT,BLOOMINGTON,IL,61704,500,,933566896,
208802884,2024,FRIENDS OF HEIDI HENRY,2586 N 28TH RD,MARSEILLES,IL,61341,1000,,883668720,
208802884,2024,FRIENDS OF JOE FITZGIBBON,PO BOX 66235,BURIEN,WA,98166,1200,,272265718,
208802884,2024,FRIENDS OF JOYCE MASON,6615 GRAND AVENUE SUITE 215,GURNEE,IL,60031,1000,,822188752,
208802884,2024,FRIENDS OF JULES WALTERS,3321 SE 20TH AVENUE,PORTLAND,OR,97202,1000,,882632451,
208802884,2024,FRIENDS OF KELLI WEGENER,5720 WILD ASH LANE,CRYSTAL LAKE,IL,60012,500,,823322175,
208802884,2024,FRIENDS OF LACEY BEATY,13820 SW BONNIE BRAE CT,BEAVERTON,OR,97005,1000,,494386849,
208802884,2024,FRIENDS OF LINDA ROBERTSON,415 OAK ST,ST CHARLES,IL,60174,1000,,882960489,
208802884,2024,FRIENDS OF LISA FRAGALA,84 W 19TH AVENUE,EUGENE,OR,97401,1000,,991983387,
208802884,2024,FRIENDS OF LISA REYNOLDS,15764 NW SNOWBUSH LANE,PORTLAND,OR,97229,1000,,843261627,
208802884,2024,FRIENDS OF LOREN SELIG,3 NOBEL K PETERSON DRIVE,DURHAM,NH,03825,500,,881553326,
208802884,2024,FRIENDS OF LYNN EDMONDS,5700 BASHFORD CREST LANE,RALEIGH,NC,27606,500,,881169644,
208802884,2024,FRIENDS OF MARA GORMAN,601 WEBB ROAD,NEWARK,DE,19711,600,,993366920,
208802884,2024,FRIENDS OF MARTI DEUTER,118 N EVERGREEN AVENUE,ELMHURST,IL,60126,1000,,934034038,
208802884,2024,FRIENDS OF MONICA BEARD,130 PEOPLES WAY,HOCKESSIN,DE,19707,600,,931914246,
208802884,2024,FRIENDS OF MY-LINH,11900 NE 1ST STREET 300,BELLEVUE,WA,98005,600,,824927031,
208802884,2024,FRIENDS OF NATASHA MARCUS,806 ASHBY DRIVE,DAVIDSON,NC,28036,1000,,824221064,
208802884,2024,FRIENDS OF RITA HARRIS,PO BOX 30265,FORT LAUDERDALE,FL,33303,1000,,920603018,
208802884,2024,FRIENDS OF SARA KNIZHNIK,PO BOX 5067,VERNON HILLS,IL,60061,500,,874123729,
208802884,2024,FRIENDS OF SHAUNDELLE BROOKS,PO BOX 446,HERMITAGE,TN,37076,1000,,990776887,
208802884,2024,FRIENDS OF SHELLI YODER,PO BOX 5194,BLOOMINGTON,IN,47407,1000,,844405639,
208802884,2024,FRIENDS OF TANA SENN,PO BOX 771,MERCER ISLAND,WA,98040,600,,463757260,
208802884,2024,FRIENDS OF TIFFANY STONER,10711 PETE DYE RIDGE,ZIONSVILLE,IN,46077,1000,,993895353,
208802884,2024,FRIENDS OF TINA ORWALL,17837 1ST AVENUE SOUTH PMB 299,NORMANDY PARK,WA,98148,600,,453602805,
208802884,2024,FRIENDS OF TOBIAS READ,3321 SE 20TH AVENUE,PORTLAND,OR,97202,1000,,204265904,
208802884,2024,FRIENDS OF TRACY KATZ MUHL,3710 COMMERCIAL SUITE 5,NORTHBROOK,IL,60062,1000,,931533518,
208802884,2024,FRIENDS OF VALERIE LONGHURST,111 TUCKAHOE LANE,BEAR,DE,19701,600,,463607342,
208802884,2024,FRIENDS OF ZURAYA,PO BOX 41417,ARLINGTON,VA,22204,500,,991265437,
208802884,2024,FRISBY FOR COUNCIL,10 BELMONT CIRCLE,TRENTON,NJ,08618,500,,874152028,
208802884,2024,FUTURE PAC HOUSE BUILDERS,6900 SW ATLANTA STREET,PORTLAND,OR,97223,7000,,931123855,
208802884,2024,GAY LYNN BENNION COMMITTEE TO ELECT,6682 CANDLE COVE,COTTONWOOD HEIGHTS,UT,84121,1000,,999999999,
208802884,2024,HEATHER FOR NM SENATE,PO BOX 35267,ALBUQUERQUE,NM,87176,3100,,933369224,
208802884,2024,HEIMES FOR NEBRASKA,4702 NORTH 183RD STREET,ELKHORN,NE,68022,2000,,922602869,
208802884,2024,HELP LYNN WIN,781 WILLIS STREET,GLEN ELLYN,IL,60137,500,,824458835,
208802884,2024,HERNDONFORNM 2024,PO BOX 27724,ALBUQUERQUE,NM,87125,2500,,871453699,
208802884,2024,HOUSE DEMOCRATIC CAMPAIGN COMMITTEE,PO BOX 9100,SEATTLE,WA,98109,1200,,916178946,
208802884,2024,HOUSE DEMOCRATIC CAMPAIGN COMMITTEE,PO BOX 414803,KANSAS CITY,MO,64141,10000,,814882899,
208802884,2024,HOUSE DEMOCRATIC CAUCUS LEADERSHIP PAC,1300 WEST CAPITOL AVENUE,LITTLE ROCK,AZ,72201,5000,,471682917,
208802884,2024,HOUSE DEMOCRATS,PO BOX 9520,WILMINGTON,DE,19809,32500,,010564528,
208802884,2024,IDAHO DEMOCRATIC LEGISLATIVE CAMPAIGN COMMITTEE,PO BOX 445,BOISE,ID,83701,5000,,320751731,
208802884,2024,ILLINOIS SENATE DEMOCRATIC FUND,PO BOX 5537,SPRINGFIELD,IL,62705,20000,,844500158,
208802884,2024,JAMES DALLAS FOR TENNESSEE SENATE 2024,PO BOX 1183,COLUMBIA,TN,38402,250,,932989772,
208802884,2024,JAY SHOOSTER FOR STATE REPRESENTATIVE,102 NORTHEAST 2ND STREET SUITE 107,BOCA RATON,FL,33432,1000,,933140377,
208802884,2024,JD SPAIN SR FOR ARLINGTON COUNTY BOARD,PO BOX 41964,ARLINGTON,VA,22204,1000,,884322101,
208802884,2024,JEAN JOSEY FOR DUBLIN MAYOR 2024,6937 VILLAGE PARKWAY 2359,DUBLIN,CA,94568,500,,922286455,
208802884,2024,JEANNINE WISNOSKY STEHLIN FOR CULVER CITY COUNCIL 2024,249 EAST OCEAN BOULEVARD SUITE 670,LONG BEACH,CA,90802,500,,932618771,
208802884,2024,JEN DAY FOR NEBRASKA,15708 REDWOOD STREET,OMAHA,NE,68136,1000,,843918008,
208802884,2024,JETT BLACK FOR CITY COUNCIL 2024,104 N ALISOS STREET,SANTA BARBARA,CA,93103,250,,933349452,
208802884,2024,JO ELLA FOR KANSAS,PO BOX 14534,LENEXA,KS,66285,500,,834595437,
208802884,2024,JOEL LEVI FOR INDIANA,263 ALVOR COURT,CICERO,IN,46034,1000,,923981121,
208802884,2024,JOHN HARABEDIAN FOR ASSEMBLY 2024,16633 VENTURA BLVD 1008,ENCINO,CA,91436,500,,932762981,
208802884,2024,JOHN MACCARTHY FOR DISTRICT 27,620 RUTHERFORD STREET,GREENVILLE,SC,29609,500,,923110375,
208802884,2024,JONATHAN SMITH COUNTY CLERK CANDIDATE,2526 SE COLORADO AVE,TOPEKA,KS,66605,250,,993167806,
208802884,2024,JONI4TN46,1071 HOLLAND RIDGE WAY,LEBANON,TN,37090,500,,923655800,
208802884,2024,JOSH THOMAS FOR DELEGATE,PO BOX 922,GAINESVILLE,VA,20156,1250,,882362450,
208802884,2024,JOYCE CRAIG FOR NH,PO BOX 3893,MANCHESTER,NH,03105,5000,,923571316,
208802884,2024,JUDY JUSTICE FOR BOARD OF EDUCATION,4621 NORWICH ROAD,WILMINGTON,NC,28405,250,,822194534,
208802884,2024,KANNAN FOR VIRGINIA,41767 HEINZ COURT,BRAMBLETON,VA,20148,5000,,331729730,
208802884,2024,KANSANS FOR A DEMOCRATIC HOUSE,PO BOX 2083,TOPEKA,KS,66601,5000,,481078411,
208802884,2024,KANSAS SENATE DEMOCRATS COMMITTEE,PO BOX 1811,TOPEKA,KS,66601,5000,,866121244,
208802884,2024,KATHERINE MCCANN,82 TRILLIUM HILL,MONTPELIER,VT,05602,250,,882331426,
208802884,2024,LENA NIRK 4NH,60 SCENIC DRIVE UNIT 6,GILFORD,NH,03249,500,,934677107,
208802884,2024,LISA HENRY FOR MOUNTAIN VIEW WHISMAN SCHOOL BOARD 2024,555 BORANDA COURT,MOUNTAIN VIEW,CA,94040,250,,993441219,
208802884,2024,MAAHS FOR CITY COUNCIL 2024,249 EAST OCEAN BLVD 670,LONG BEACH,CA,90802,500,,993186631,
208802884,2024,MAINE HOUSE DEMOCRATIC CAMPAIGN COMMITTEE,PO BOX 2021,AUGUSTA,ME,04338,20000,,222695883,
208802884,2024,MAINE SENATE DEMOCRATIC CAMPAIGN COMMITTEE,PO BOX 2207,AUGUSTA,ME,04338,45000,,010478979,
208802884,2024,MAJORITY FORWARD,PO BOX 1491,JEFFERSON CITY,MO,65102,10000,,814537836,
208802884,2024,MALIA HERMAN FOR TOWNSHIP COMMITTEE,6 SOUTH CRESCENT,MAPLEWOOD,NJ,07040,250,,992321635,
208802884,2024,MARIA FOR 52,125 CARRIAGE ROAD,NORTH BARRINGTON,IL,60010,1000,,364877606,
208802884,2024,MARIAN MATTHEWS FOR HD27 2024,PO BOX 21256,ALBUQUERQUE,NM,87154,3000,,843178321,
208802884,2024,MARSHA S STURDEVANT,5172 STONEHAVEN DRIVE,BIRMINGHAM,AL,35244,250,,923950230,
208802884,2024,MARTHA GUERRERO FOR MAYOR 2024,4931 GIBBONS DRIVE,CARMICHAEL,CA,95608,500,,934275269,
208802884,2024,MARTIN HICKEY FOR SENATE DISTRICT 20 (2024),6119 BUFFALO GRASS CT NE,ALBUQUERQUE,NM,87111,2500,,842758903,
208802884,2024,MARY BETH CANTY FOR ILLINOIS,14 E NORTHWEST HIGHWAY,ARLINGTON HEIGHTS,IL,60004,1000,,870945495,
208802884,2024,MARY ELLEN FOR HCPS,PO BOX 1911,HENDERSONVILLE,NC,28793,500,,871254571,
208802884,2024,MARYLAND DEMOCRATIC PARTY - ADMINISTRATIVE ACCOUNT,275 WEST STREET 70,ANNAPOLIS,MD,21401,10000,,520908106,
208802884,2024,MATT VILARDEBO FOR SOUTH CAROLINA,106 PEBBLE CREEK CROSSING,FORT MILL,SC,29715,500,,991008561,
208802884,2024,MAX TUCHMAN CAMPAIGN,1742 WEST FLAGLER STREET,MIAMI,FL,33135,1000,,923737902,
208802884,2024,MCDONALD FOR KANSAS,15050 WEST 138TH 4742,OLATHE,KS,66063,500,,934789443,
208802884,2024,MCNALLY FOR INDIANA,275 MEDICAL DRIVE PO BOX 456,CARMEL,IN,46082,1000,,883063737,
208802884,2024,MELANIE LEVESQUE,2 MCDANIELS DRIVE,BROOKLINE,NH,03033,1000,,384313104,
208802884,2024,MEREDITH FOR NEW MEXICO 2024,1412 STAGECOACH LN SE,ALBUQUERQUE,NM,87123,3100,,844896500,
208802884,2024,MEYER FOR DELAWARE,PO BOX 494,HOCKESSIN,DE,19707,1200,,873439157,
208802884,2024,MICHELLE 4 SANDOVAL 2024,656 VALLEY MEADOWS,RIO RANCHO,NM,87144,5000,,881165333,
208802884,2024,MIDDLE OF THE ROAD PAC,PO BOX 4504,OVERLAND PARK,KS,66204,20000,,932003567,
208802884,2024,MIGUELAILLE PIERRE,4164 INVERRARY DRIVE 501,LAUDERHILL,FL,33319,250,,999999999,
208802884,2024,MIKE FOR VERMONT LTD,PO BOX 459,WINOOSKI,VT,05404,1000,,882205938,
208802884,2024,NADARIUS CLARK FOR DELEGATE,PO BOX 829,SUFFOLK,VA,23439,1250,,861399122,
208802884,2024,NATALIE FOR NEW MEXICO,8705 HORACIO PLACE NORTHEAST,ALBUQUERQUE,NM,87111,2500,,811088398,
208802884,2024,NATHAN SMALL FOR STATE HOUSE 2024,1320 FOURTH ST,LAS CRUCES,NM,88005,3000,,811988401,
208802884,2024,NATIONAL DEMOCRATIC COUNTY OFFICIALS,1116 PARK ST NE,WASHINGTON,DC,20002,15000,,522120677,
208802884,2024,NC DEMOCRATIC LEADERSHIP COMMITTEE,301 HILLSBOROUGH STREET SUITE 950,RALEIGH,NC,27603,250000,,832983359,
208802884,2024,NEVADA ASSEMBLY DEMOCRATIC CAUCUS,6675 S TENAYA WAY 200,LAS VEGAS,NV,89113,35000,,880205213,
208802884,2024,NEVADA SENATE DEMOCRATS,3540 W SAHARA AVENUE BOX 263,LAS VEGAS,NV,89102,30000,,880316606,
208802884,2024,NEVADANS FOR KARL CATARATA,3152 JEVONDA AVENUE,HENDERSON,NV,89044,500,,881065927,
208802884,2024,NEW HAMPSHIRE DEMOCRATIC PARTY,105 N STATE STREET,CONCORD,NH,03301,1000,,020125560,
208802884,2024,NEW HAMPSHIRE SENATE DEMOCRATIC CAUCUS,105 NORTH STATE STREET,CONCORD,NH,03301,20000,,020473096,
208802884,2024,NEW MEXICANS FOR SARAH,PO BOX 13114,LAS CRUCES,NM,88013,2500,,994339479,
208802884,2024,NEW MEXICO SENATE DEMOCRATS,313 MOON STREET NORTHEAST,ALBUQUERQUE,NM,87123,30000,,821045511,
208802884,2024,NH HOUSE DEMOCRATIC VICTORY CAMPAIGN COMMITTEE,PO BOX 1292,CONCORD,NH,03302,50000,,141906794,
208802884,2024,NICK BROWN FOR ATTORNEY GENERAL,401 2ND AVENUE SOUTH SUITE 303,SEATTLE,WA,98104,2400,,932152124,
208802884,2024,NICOLE FOR NC,4029 MOORLAND DRIVE,CHARLOTTE,NC,28226,1000,,934916132,
208802884,2024,NYS DEMOCRATIC ASSEMBLY CAMPAIGN COMMITTEE,107 WASHINGTON AVENUE SUITE 1LL,ALBANY,NY,12207,5000,,133041656,
208802884,2024,OUR DEMOCRACY,1742 W FLAGLER STREET,MIAMI,FL,33135,1000,,834150475,
208802884,2024,OUR FUTURE PAC,31 SPRING STREET,BURLINGTON,VT,05401,4480,,999999999,
208802884,2024,PAM4KANSAS,8905 WEST 157TH STREET,OVERLAND PARK,KS,66221,500,,882658464,
208802884,2024,PATEL FOR ASSEMBLY 2024,5445 MADISON AVENUE,SACRAMENTO,CA,95841,500,,921686962,
208802884,2024,PEOPLE FOR LAURA FAVER DIAS,781 WEST TRAIL N,GRAYSLAKE,IL,60030,1000,,874505256,
208802884,2024,PEOPLE FOR POPE (2024),10460 CALLE LEON NW,ALBUQUERQUE,NM,87114,1000,,843070475,
208802884,2024,PEOPLE FOR YASMIN,PO BOX 7437,TACOMA,WA,98417,600,,873173541,
208802884,2024,PHOEBE SHIN VENKAT FOR FOSTER CITY COUNCIL 2024,784 VESPUCCI LANE,FOSTER CITY,CA,94404,500,,990582612,
208802884,2024,PILAR SCHIAVO FOR ASSEMBLY 2024,1700 TRIBUTE ROAD SUITE 201,SACRAMENTO,CA,95815,500,,921563373,
208802884,2024,POSKIN4KS,12924 HOWE DRIVE,LEAWOOD,KS,66209,500,,842678915,
208802884,2024,PROKOP FOR LEGISLATURE,2340 JENNA LANE,LINCOLN,NE,68512,500,,934196734,
208802884,2024,QUICK FOR LEGISLATURE,1019 KENNEDY DRIVE,GRAND ISLAND,NE,68803,500,,474433645,
208802884,2024,RACHEL GRAGE FOR FL HD 16,23 30TH AVENUE SOUTH,JACKSONVILLE BEACH,FL,32250,1000,,934296212,
208802884,2024,RAY NEWMAN,25 CHARLOTTE AVENUE,NASHUA,NH,03064,500,,831235123,
208802884,2024,REBECCA BAUER-KAHAN FOR ASSEMBLY 2024,1700 TRIBUTE ROAD SUITE 201,SACRAMENTO,CA,95815,500,,921094600,
208802884,2024,RE-ELECT ALLISON TANT FOR HD 9,2800 SOUTH ADAMS STREET UNIT 5651,TALLAHASSEE,FL,32314,1000,,861494430,
208802884,2024,ROBIN BARTLEMAN,16427 SAPPHIRE PLACE,WESTON,FL,33331,1000,,843979972,
208802884,2024,SANCHEZ FOR MONTEREY PARK CITY COUNCIL 2024,12501 IMPERIAL HIGHWAY SUITE 200,NORWALK,CA,90650,500,,882856371,
208802884,2024,SARAH 4 OR HOUSE,1600 NW ARTHUR AVENUE,CORVALLIS,OR,97330,1000,,934404000,
208802884,2024,SARAH CENTINEO FOR LEGISLATURE,1709 CHILDS ROAD EAST,BELLEVUE,NE,68005,500,,923767781,
208802884,2024,SCUTARI FOR SENATE,12 CELLAR AVENUE,CLARK,NJ,07066,4000,,223632480,
208802884,2024,SENATE DEMOCRATIC LEADERSHIP FUND,9500 SW BARBUR BOULEVARD SUITE 230,PORTLAND,OR,97219,7000,,204673386,
208802884,2024,SHEA BACKUS COMMITTEE TO ELECT,2251 NORTH RAMPART BLVD 587,LAS VEGAS,NV,89128,1000,,823716164,
208802884,2024,SHELLEY BERKLEY FOR MAYOR,9709 CAMDEN HILLS DR,LAS VEGAS,NV,89135,1000,,921592110,
208802884,2024,SOUTH CAROLINA HOUSE DEMOCRATIC CAUCUS,BLATT BUILDING ROOM 335A PO BOX 120,COLUMBIA,SC,29211,12000,,570969662,
208802884,2024,SUE NEWMAN,25 CHARLOTTE AVENUE,NASHUA,NH,03064,500,,999999999,
208802884,2024,TARA SREEKRISHNAN FOR ASSEMBLY 2024,22215 QUINTERNO COURT,CUPERTINO,CA,95014,500,,934658147,
208802884,2024,TEAM BROADMAN,750 NW CHARBONNEAU STREET SUITE 20,BEND,OR,97703,1000,,933772446,
208802884,2024,TEAM STAVA MURRAY,2136 PRIMROSE LANE,NAPERVILLE,IL,60565,1000,,823081534,
208802884,2024,TENNESSEE HOUSE DEMOCRATIC CAUCUS,425 REP JOHN LEWIS WAY N SUITE 662,NASHVILLE,TN,37243,30000,,620911028,
208802884,2024,THOMAS CHITTENDEN FOR STATE SENATE,1600 DORSET STREET,SOUTH BURLINGTON,VT,05403,500,,850527783,
208802884,2024,TIMOTHY HORRIGAN CAMPAIGN COMMITTEE,7A FACULTY ROAD,DURHAM,NH,03824,500,,262841700,
208802884,2024,TODD ACHILLES FOR IDAHO,PO BOX 8912,BOISE,ID,83707,1000,,934883557,
208802884,2024,TRACY CLARK FOR NC,17 FLAGSHIP COVE,GREENSBORO,NC,27455,500,,994573218,
208802884,2024,VERMONT DEMOCRATIC PARTY,73 MAIN STREET SUITE 400,MONTPELIER,VT,05602,5180,,030199446,
208802884,2024,VICKY FOR NM,PO BOX 16731,ALBUQUERQUE,NM,87191,4800,,934024020,
208802884,2024,VIRGINA FUTURE GENERATIONS PAC,PO BOX 3604,RICHMOND,VA,23235,4000,,883993002,
208802884,2024,VIRGINIA LEGISLATIVE BLACK CAUCUS,PO BOX 15512,RICHMOND,VA,23227,500,,541570027,
208802884,2024,VOTE FOR KATHLEEN 2024,3115 MAY CIRCLE SOUTHEAST,ALBUQUERQUE,NM,87124,2500,,874788517,
208802884,2024,VOTE FOR VALERIE,455 CAROLINA CIRCLE,WINSTON SALEM,NC,27104,500,,934731131,
208802884,2024,VOTE LIZ BERRY,PO BOX 9100,SEATTLE,WA,98109,600,,844023836,
208802884,2024,WARE FOR KANSAS,1444 NORTH PERRY AVENUE,WICHITA,KS,67203,1000,,832729894,
208802884,2024,WASHINGTON SENATE DEMOCRATIC CAMPAIGN,5628 AIRPORT WAY SOUTH SUITE 108,SEATTLE,WA,98108,1200,,462614068,
208802884,2024,WENDY E N THOMAS,10 WILDCAT FALLS DRIVE,MERRIMACK,NH,03054,500,,999999999,
208802884,2024,WILLIAM TARVER CAMPAIGN FUND,70 COTTONWOOD CIRCLE,BATAVIA,IL,60510,500,,880787224,
208802884,2024,ZUCKERMAN FOR VT,PO BOX 9354,SOUTH BURLINGTON,VT,05407,1000,,475674951,
